Agent0[0],Agent1[0],Agent2[0],Agent3[0],Agent4[0],Agent4[1]
-0.09168268438183719,-3.091682684381837,6.0160112810763255,-13.871040051484794,10,-2.430570550927625
0.0504385720172051,-2.949561427982795,8.589031276529338,-12.628677672660011,10,-5.413672146038923
-0.07563825879416677,-3.0756382587941666,9.899305710180045,-13.19368896823784,10,-6.446532185511627
0.13828631087949433,-2.8617136891205055,10.807551337922172,-12.600343504814873,10,-6.718913405651255
0.28819152950713756,-2.7118084704928624,13.453519697518292,-10.774045092837934,2,-5.386155452255063
0.21639759469581293,-2.7836024053041872,10.102679816715161,-13.643992690445884,10,-6.4965076063613205
0.37645857603182037,-2.6235414239681796,12.157295560592495,-13.425966323134,10,-7.572351565184634
0.4102259622067278,-2.5897740377932723,8.163234166813524,-17.566647912944944,10,3.9923680971292663
0.48441671646324597,-2.515583283536754,8.583444345135902,-15.824216357245472,10,0.6816490558096253
0.49352535187704794,-2.506474648122952,6.9801638655670715,-13.469597645930708,10,-5.0027244755668345
0.5351122241789823,-2.4648877758210177,6.471749615436742,-15.884683046212318,10,-1.065548624848095
0.6262093605759768,-2.373790639424023,6.968206441448463,-14.316911337171526,10,-3.2076289743523274
0.7073049806402552,-2.292695019359745,6.936849016540306,-8.098178689491904,2,-11.27783155603608
0.6527304409278807,-2.347269559072119,6.5981228948963375,-13.962181542365112,10,-6.169324560358626
0.7853206729373902,-2.2146793270626097,7.073556167467146,-13.63148642572342,10,-5.770508230354855
0.806105944917984,-2.193894055082016,10.34344155787319,-12.393263590225233,10,-4.338787070595345
0.9583006355060721,-2.041699364493928,12.626528383928592,-10.782504290623232,2,-0.9276558359705926
0.8663467204027104,-2.1336532795972896,8.832586914503374,-15.043770019713769,10,-3.171904966494642
0.8527962144695957,-2.1472037855304045,9.608725253256686,-10.612513011102504,2,-3.08192527305321
1.121492857964525,-1.878507142035475,11.361688629121582,-14.745040828862482,10,-6.3070777877142765
0.7487725131101673,-2.2512274868898325,15.951444474683177,-13.742253834892892,10,-4.614424626861668
1.0808531443923333,-1.9191468556076667,10.689650524424833,-12.431344327599465,10,-2.4221971548545316
1.060464850374128,-1.939535149625872,11.902417436759501,-16.636773808331768,10,1.713648976510583
0.8821851920198303,-2.11781480798017,12.426962881713314,-13.857833798152908,10,-8.342757475049158
1.11114319142785,-1.88885680857215,9.891518467379539,-13.621684496170634,10,-6.908046642659344
1.0373106553015392,-1.9626893446984608,10.31498308421957,-14.385584190835939,10,-5.203705705715245
0.9592754199717877,-2.040724580028212,9.288739092869106,-12.232543816177847,10,-1.4829973589223102
0.8760234110663687,-2.1239765889336315,9.630191099456912,-12.686800821673067,10,-8.907957872899727
1.0385670219756107,-1.9614329780243893,5.981955739297507,-13.215873523494976,10,-3.858627764116598
0.8976826078644597,-2.1023173921355403,8.062788538511517,-12.674484287059084,10,-7.247506606659145
0.8126778269178633,-2.1873221730821366,8.7343072219615,-12.479644969532032,10,-4.07032118805732
0.893745307753656,-2.106254692246344,9.086112244571938,-15.829856084248021,10,-2.7710092006921827
0.8578217116445979,-2.142178288355402,10.693022144258558,-15.32632797029987,10,-5.489781497489071
0.8819706285286754,-2.1180293714713248,10.065141773920528,-13.458304886693771,10,-6.962139078478316
0.8255516061936465,-2.1744483938063537,7.89094215075264,-12.516522573208086,10,-6.694570016065563
0.92781041126876,-2.07218958873124,11.169802473066722,-15.913621682505795,10,-0.2589769267430066
0.8389079007074892,-2.1610920992925107,8.91100750654464,-15.379475018237326,10,-1.1483361948842394
0.710210758050407,-2.289789241949593,9.220907022695778,-18.01488520338875,10,2.7680963184093006
0.5920842591484496,-2.4079157408515504,9.483500998377844,-16.506849852574256,10,2.0571744818293176
0.7543946584874456,-2.2456053415125545,9.603201008160827,-15.68427755854902,10,-7.14752282528634
0.6643012899916642,-2.335698710008336,6.67679471447843,-13.796614131726942,10,-2.9475434877050075
0.7992487695293269,-2.200751230470673,10.524072411918365,-11.576828456285245,2,-6.841261016748382
0.5057857663118309,-2.494214233688169,14.394932560994517,-15.880867513878446,10,-1.840143362050266
0.5875077676579421,-2.412492232342058,15.423330656056535,-16.550010478921372,10,0.8003352668300288
0.4116317418400832,-2.5883682581599166,14.568611829118606,-17.5869166908951,10,-0.541638318518169
0.31491636676986523,-2.6850836332301347,13.511633486056647,-17.58203969118061,10,2.291065776860516
0.09489085753218968,-2.9051091424678104,13.630935306036958,-17.886401578901943,10,4.629451638907387
0.2566270530393571,-2.7433729469606427,14.589403935364462,-16.553306557463127,10,0.6602128037209514
0.03799553204252884,-2.9620044679574713,13.894262890716835,-16.996855431442746,10,2.756909303163129
0.008381924343493719,-2.9916180756565063,13.35818649600169,-17.025386270460242,10,1.158724992861144
-0.00749841245508579,-3.0074984124550856,11.992568593249691,-15.691712845623876,10,-3.1538207153811477
-0.09352158465125951,-3.0935215846512594,13.505014149438574,-16.09281475477541,10,2.124031749063918
-0.28488397474051974,-3.2848839747405196,13.425784696753214,-15.977030925475855,10,-3.1647040599393823
-0.27021774424676537,-3.2702177442467653,12.997422769085762,-14.749818090908391,10,-3.3247114266520224
-0.15891962130801454,-3.1589196213080144,11.487236116341574,-16.067986917952176,10,-1.0784963786157098
-0.24452830326415498,-3.244528303264155,11.630596536697457,-14.619770521672663,10,-5.70872705989864
1.034922012960548,-2.4378116733363835,11.318338190667802,-14.310608673357077,10,-5.678995750172256
1.0086801031832402,-2.3904956661539627,9.928342441062481,-13.236156195539017,10,-5.096387936278991
1.0331142256809531,-2.253351901640057,10.415639644397224,-12.865285436076228,10,-3.97798992482587
1.0120561081293564,-2.1336033735084183,10.492624718385052,-11.443986611332669,2,-3.819356145638301
0.9915897455950458,-1.9989766020127224,9.971054763132239,-12.572118511869366,10,-8.681366155546252
1.0582384322752263,-1.778160047295888,8.666430120451006,-13.827495386844351,10,-3.23379351409923
0.987712615628648,-1.710564264839641,8.443013931878731,-11.19850175243744,2,-2.876652322808733
0.9615166113166946,-1.6282321011297622,8.940506614732247,-13.669930637463594,10,-3.5501591032041553
1.0606086171066562,-1.4608499548942089,8.5400629812208,-12.29582363664981,10,-5.036303831904987
1.0616748402271527,-1.4384296126408842,6.780261383209811,-10.643436036113924,2,-1.6913089482710417
0.9212922356527973,-1.6064885616567883,6.390778749658476,-10.894897029795825,2,-1.6877072612566164
1.0318976471612444,-1.5698754230862904,7.3204984119769065,-10.496728123184761,2,-5.0213643413708775
0.8977788489090043,-1.8170451558020453,6.809242501097042,-11.574135187116477,2,-1.345875816795138
1.0534740443098465,-1.8023713605540408,6.719959556642539,-10.592913724155574,2,-2.5534090624849632
0.9533118579543975,-2.0576938340087136,6.442031007601087,-10.927449373776529,2,-1.819055778243598
1.0392104093826968,-2.1258761158177206,6.937684960442466,-10.119485772625744,2,-4.544426978903326
0.9692562120291345,-2.3337192261026387,6.297385449590526,-9.705576603291224,2,-9.554053491884577
1.0166446220244465,-2.3945034687749582,6.192120402074112,-9.86740378512441,2,-9.596187126795526
0.9309641487863873,-2.548030607371357,5.1984452542572175,-9.229582973340769,2,-13.918018222195988
0.9859596854236623,-2.5139012517115322,4.000011125524286,-8.294438389315038,2,-16.373456430702703
0.9970091368169165,-2.474690912318875,6.082406738097045,-9.612325776830364,2,-9.97945902241061
1.0480586883209178,-2.3492154636353053,6.413765859520722,-7.91991402131483,2,-14.958184088774606
1.0897140421504292,-2.1941690008969266,4.972468931112613,-8.536634926021433,2,-11.62248633070121
1.0290344770865012,-2.1136138059505245,5.074206628268351,-8.238504096749933,2,-13.215426069649116
1.0148825224254174,-1.972539854879896,4.90517336254999,-8.787820308190218,2,-15.308767800580714
0.9485942114706231,-1.8848358911583483,5.3670669227111745,-9.197288437435857,2,-10.305229640261743
0.9290701768492221,-1.7667050626536698,4.738601240617449,-8.799233989072746,2,-13.379768456293416
1.0095168492482585,-1.5784423227000608,4.294565922415157,-8.275143767545021,2,-9.652612521796838
1.0067876914738243,-1.5137689611638512,7.304623592257936,-9.46461496827056,2,-6.9638361567876625
1.030404483100048,-1.469774133068837,8.037116969903858,-10.807836768431926,2,-5.814704890511461
1.035249065566636,-1.4935747036662046,5.766931623718886,-12.383698913874856,10,-5.136082377473158
1.0180461688795568,-1.5856363857496003,8.76212260844148,-11.679926971436219,2,-2.946588735985469
0.9266516057410237,-1.7907611108762773,7.1826372663554565,-12.222802553803454,10,-10.436645601030877
1.0446314735753082,-1.8142279661877059,7.394690491149107,-11.34807053915062,2,-4.919513546817729
0.994737143299941,-2.0194122857416157,6.108614531496007,-13.191798166261172,10,-4.2781899717954435
0.9522326777641148,-2.2158189445069927,8.20918857852787,-11.563918015970865,2,-4.8015963720589845
0.9792617682797267,-2.326209305992984,9.156507324776767,-13.422385801792336,10,-5.4646345480615395
0.9300629559197071,-2.482866534562063,9.036871333382747,-13.04260503264025,10,-5.716471791069266
0.9827959729344341,-2.49709122424216,9.150574464492523,-11.745763467023963,2,-0.6170431952705484
1.037539294279471,-2.462237593331411,8.727742162202969,-14.473895686258436,10,-7.619678329470232
0.9836187408360999,-2.4870290119286516,10.591767373718795,-13.159157103989788,10,-8.563550619395068
0.9569200972875835,-2.4384367221699645,10.753927157527407,-15.137832694518675,10,-6.4428545675286415
0.9870907600731831,-2.2941979690360372,10.323496989832714,-14.811334628993269,10,-4.569888246282254
1.0230477807710148,-2.116583660875401,8.300935593467072,-12.5873094800858,10,-6.527057839694019
0.9325305013383496,-2.0517484032020916,11.95016230806527,-12.53007373965897,10,-2.8123890266726286
0.9490463607315965,-1.8814219540210675,10.018579667965836,-12.054848289413238,10,-6.554129878465021
1.0063506119685899,-1.6869350208980811,10.279934052172532,-11.609126794490779,2,-5.038122874341734
0.9375278138600036,-1.6486581168386323,8.368195236025644,-12.513671378534834,10,-3.7732687754067573
1.0972557807243393,-1.4224179180645,9.542642847715094,-13.957786188236117,10,-7.293952569427112
0.992333177124193,-1.5079393739612723,9.758272146525599,-10.67586148738643,2,-7.458592456968484
0.954650638729756,-1.5752347409153629,9.092112536289527,-13.034667375677952,10,-5.4065945060093155
0.9591322922438585,-1.646475424039825,9.795697885185652,-12.7785225837182,10,-6.139019308039326
0.9758438660624353,-1.7441687408687658,9.973740114908743,-12.274596417470299,10,-2.2190596954767647
0.9715085825800798,-1.8903704752303814,7.435439364843905,-12.116944840998794,10,-7.574409636687989
0.8954200165156367,-2.1218725898902697,9.166465667734013,-10.140512544057517,2,-4.361889458580156
1.0631870265383194,-2.1078230451245124,8.563206482114616,-11.485237689067045,2,-2.7597107765488618
-0.6912134229794394,-3.6912134229794393,8.018640799841986,-10.12642078089721,2,-6.706905980983506
-0.736552969835243,-3.736552969835243,6.456909056286883,-8.062319727197337,2,-14.956807419201132
-0.6932763776579449,-3.693276377657945,8.987073497740386,-10.178835575702657,2,-9.089669924407655
-0.9187076321704163,-3.9187076321704164,7.889568922078043,-9.044780349795701,2,-9.876520989288178
-0.9240474119646259,-3.924047411964626,5.848214699912802,-10.91254927955817,2,-6.7670621271748
-0.8340864309445148,-3.834086430944515,7.117772517571142,-9.194889337052903,2,-5.36813067470107
-0.9143998649596425,-3.9143998649596425,7.561477654065978,-9.35728965182942,2,-7.179758620338447
-0.8980154039752342,-3.898015403975234,7.692303284140051,-9.638521525405602,2,-6.332053609732226
-0.961370405912678,-3.961370405912678,7.138946346022022,-8.950856350332723,2,-13.177041717924618
-0.994585703684218,-3.994585703684218,7.594386382000226,-9.274118725080472,2,-10.742407387156327
-0.840344577450618,-3.840344577450618,9.239821910100087,-10.085020679547814,2,-7.11452468699195
-0.8864752182854372,-3.886475218285437,8.846773161521604,-8.649964359340135,2,-11.695372714246519
-1.2483619860343935,-4.248361986034394,6.79052926647862,-8.974574891608873,2,-13.864821148899201
-0.8519362397505306,-3.851936239750531,7.282077733726103,-9.105929226183367,2,-9.29140078993588
-0.7816249442581894,-3.7816249442581893,7.922793594143527,-11.471530286705569,2,-1.3026919151727665
-0.8679041089974087,-3.8679041089974087,6.718631795427831,-9.834818930754826,2,-10.01019192148967
-1.002179365545659,-4.0021793655456595,7.346542542230521,-10.592291258730961,2,-5.886109056950851
-1.035452998604466,-4.035452998604466,7.390668734884551,-10.611388597780937,2,-7.700937816259004
-0.8757148221432091,-3.875714822143209,8.120337000227078,-11.140396104485863,2,-4.545025864348993
-0.9886188414407814,-3.9886188414407813,10.687029139216063,-11.142504134287883,2,-2.637689751582352
-0.8656450625070069,-3.865645062507007,9.044533466531872,-12.567391323256556,10,-5.88794396013157
-0.8744342854533637,-3.8744342854533635,9.238975041464824,-11.546447912705684,2,-4.464547546370485
-0.7179770566828894,-3.7179770566828894,11.273487628326352,-11.637214545157684,2,-4.876973774771201
-0.8429429327972892,-3.842942932797289,10.444601817557864,-12.68765261324301,10,-8.896555826247287
-0.8093130319484543,-3.809313031948454,11.551073397624455,-12.79545905710156,10,-2.462742938298474
-0.685220522587425,-3.685220522587425,10.868292147373628,-12.658127203733711,10,-5.679707919905489
-0.48481035572185516,-3.484810355721855,10.23473040636236,-14.029832485670699,10,-3.187099331749688
-0.6225665244481008,-3.622566524448101,12.532645957387455,-13.11098882285134,10,0.9143137781274071
-0.6222845857837443,-3.6222845857837442,11.02201370054715,-16.51911894852937,10,1.3906262528163718
-0.44256786358724104,-3.442567863587241,12.185655622857793,-13.978596867509776,10,-5.275046982416153
-0.4020953946079725,-3.4020953946079726,12.204553802171352,-14.980047379716648,10,-4.851026513634178
-0.5127713872712725,-3.5127713872712727,13.206951797497162,-15.482622832007756,10,-1.3456312132812749
-0.4133047396624391,-3.413304739662439,12.692697040444878,-17.723057252041947,10,6.647095098147315
-0.19067799196226282,-3.190677991962263,13.183803223591182,-14.708079183456322,10,-2.0592858939186494
-0.19698409939879336,-3.1969840993987932,11.99572071238319,-16.664845890322617,10,-1.5280867149457433
-0.42526155766473706,-3.425261557664737,15.178291671157977,-17.70944498250341,10,5.076600645413075
-0.0678950002249416,-3.0678950002249414,12.356478538416082,-16.411598981394555,10,-2.8118341528429815
0.039210561868974515,-2.9607894381310254,14.443344060927068,-15.603048809411455,10,-4.005747927072135
-0.0743240669504162,-3.074324066950416,13.448166299203844,-16.63220350876742,10,2.3176442277073663
0.13998451847879595,-2.860015481521204,13.340958293660986,-18.04088379626711,10,4.8455924840566045
0.3220438917386558,-2.6779561082613443,13.400374945086142,-15.9827483294107,10,-2.7930129937805552
0.23646233547414794,-2.763537664525852,11.272277527325944,-17.76699009956971,10,3.664903601852006
0.19549793990555592,-2.804502060094444,13.606044082151293,-16.486229086428132,10,4.897126257357473
0.26602756693904966,-2.7339724330609503,12.104113622102124,-17.207491796917225,10,1.294353317204419
0.37853265427942323,-2.6214673457205766,13.41046317780843,-16.06760409669193,10,-1.0164312321867106
0.4724700403517036,-2.5275299596482963,11.985302706337881,-15.273392388806968,10,-5.244466431402497
0.49672038788973805,-2.503279612110262,11.559212641642272,-16.945756738512404,10,1.38601013788242
0.594403001166196,-2.405596998833804,10.520325170447107,-15.445636990759159,10,-0.6659387566259212
0.5812020813418592,-2.4187979186581408,10.758695988717419,-15.235643148129817,10,-5.674364656981142
0.6632557333127147,-2.336744266687285,11.590557604402592,-15.636306708457777,10,-4.660399494661821
0.7884199272103893,-2.2115800727896104,9.860815581692506,-15.547095829827452,10,-2.223528328066857
0.6294649521978016,-2.3705350478021985,9.074265073738577,-15.372673685469273,10,-2.3556494538448614
0.7879181794450263,-2.2120818205549737,9.913370175701429,-13.161467001436957,10,-2.1515662922408003
0.8256495061890379,-2.1743504938109623,11.27790261281637,-13.772973462844044,10,-3.8831913122927535
0.9419427927619926,-2.0580572072380074,12.005889732996167,-13.66947646966365,10,-7.207699103658876
0.8586460665548702,-2.1413539334451297,9.767268124156772,-13.591361122597565,10,-4.062312456557855
-0.843970546708912,-3.843970546708912,10.029211484314963,-13.263864749871288,10,-1.8715495650749927
-0.8233680170645749,-3.823368017064575,6.593757830327165,-12.650560253407455,10,-13.377614830412023
-1.1392864274451715,-4.139286427445171,9.539440082348584,-14.839706214339138,10,-0.20658599962713975
-0.8543386279253227,-3.8543386279253227,13.427910891841437,-16.420534531198964,10,-4.40399878974144
-1.0827949861459372,-4.082794986145937,7.054712962101172,-14.735929394844748,10,-3.2311359670126265
-1.102813711624658,-4.102813711624658,7.318930247057852,-13.175244273248586,10,-5.130643461465546
-1.286599800423694,-4.286599800423694,7.111148909232744,-12.349508558283507,10,-3.136789392378544
-1.0802571947015585,-4.0802571947015585,6.933682522230885,-16.079940312599376,10,-1.8559648665890074
-0.9977562338379358,-3.9977562338379355,12.426671704207426,-16.45922956608149,10,4.57166308979483
-1.0289903291960223,-4.028990329196022,12.754750158911746,-13.348814360690977,10,-0.974662299943269
-1.026380640742352,-4.026380640742352,9.814770591946889,-16.585731747649714,10,-2.4229032826285213
-1.0769717837483,-4.0769717837483,8.133632262239884,-13.255436143832995,10,-3.435575265731874
-0.8607742968227858,-3.860774296822786,12.159803350916317,-10.115656234232429,2,-8.37739540273166
-0.8296842353003484,-3.8296842353003484,8.627782169546494,-15.851477921108664,10,1.9129131126546408
-0.8580821983277598,-3.85808219832776,10.186226111726393,-15.21791942038504,10,-4.380036350215253
-1.0593567047436923,-4.059356704743692,6.939112923704134,-8.069672500730839,2,-16.310562129029154
-0.6107360829034789,-3.610736082903479,8.116964004394355,-11.263632241965174,2,-3.289975818239841
-0.7874257277093225,-3.7874257277093224,5.8345987161889905,-11.523739539586717,2,0.19621239186314043
-0.7090429142131619,-3.709042914213162,9.87184837664374,-16.781925157511136,10,-2.156603575010786
-0.8706967826617791,-3.870696782661779,9.464757231347026,-13.581067645821626,10,-7.624346517763762
-0.6770243181096526,-3.6770243181096527,7.8131990682123025,-11.27665665892396,2,-3.4099295362829602
-0.5868845885332793,-3.5868845885332794,8.287374529474162,-17.040744610281866,10,2.9155942687322494
-0.592165614947107,-3.592165614947107,13.552177618119492,-12.948633145273106,10,-2.542116256048881
-0.4384293666959761,-3.438429366695976,14.474354447368679,-15.353079432817466,10,-5.679884201099177
-0.3411021942833642,-3.3411021942833643,10.245181790025935,-14.23855070773325,10,-3.62015182508433
-0.5491171575121518,-3.5491171575121516,10.702142963837487,-14.499866747841189,10,-1.0651440957751266
-0.2717406302018471,-3.271740630201847,11.121444422265913,-17.29953710264398,10,2.246262718238836
-0.2578958415206899,-3.25789584152069,10.294116344818141,-18.00212745080001,10,5.165746522790593
-0.23720080975903743,-3.2372008097590372,6.337503215401869,-11.23377230052275,2,-2.1039087880420313
-0.3322776416046318,-3.332277641604632,10.11198470284191,-14.784287946983412,10,-2.8222620247225443
0.035016006090781704,-2.964983993909218,4.887031128570927,-11.302382826875071,2,-4.737788763103026
-0.010617142236255282,-3.010617142236255,7.394612161161561,-11.05857841714899,2,-1.4190106926532975
-0.16574648837781278,-3.165746488377813,9.827152911923736,-13.544979166274056,10,-8.729825418603966
0.05108861854169913,-2.948911381458301,10.175993427008908,-10.442370502401415,2,-7.39264756191377
0.17064967660923808,-2.829350323390762,7.717108007634578,-14.012540511614219,10,-4.292568553793882
0.25056471539205616,-2.749435284607944,8.834706834514094,-15.162309470233923,10,-0.6751583884748817
0.24833603098394974,-2.7516639690160503,9.057598745405585,-13.335806540560817,10,-5.1743514109323305
0.35541242427901487,-2.644587575720985,10.513656954635133,-17.697622263322266,10,0.9056068350479396
0.5920284193465942,-2.4079715806534057,11.095375472663092,-12.52012150328272,10,-6.670390610972676
0.592176686004054,-2.407823313995946,15.437523010456903,-18.10546536205331,10,0.5407541362982426
0.39822415738158795,-2.601775842618412,15.345639098254999,-17.52700959948413,10,4.124005284947457
0.48718914233735056,-2.5128108576626493,15.10756101209534,-17.20050502655789,10,9.654305808915867
0.5872986864098988,-2.412701313590101,14.823867257220282,-17.305115012217676,10,-0.2293034281622397
0.47268593822023197,-2.527314061779768,14.860052634896787,-17.35325459407654,10,3.219629317282295
0.5600654563461046,-2.4399345436538953,14.94309692906854,-17.11079734491356,10,0.9060132002611072
0.5759040695379896,-2.4240959304620104,14.853587433105751,-15.83708447268237,10,-4.744122218365636
0.6642505883009905,-2.3357494116990094,15.070942807541329,-16.576243915348112,10,-4.42464977409969
0.9558513200075631,-2.044148679992437,13.949211801469763,-16.487456585748557,10,2.750357693845694
0.7660050858453293,-2.2339949141546707,13.995712605305341,-16.148509709647712,10,-0.0904245346508108
0.7800937368310593,-2.219906263168941,13.421268736224173,-15.754368131209304,10,-4.28238932748112
0.9988634696429743,-2.0011365303570257,14.137477125212369,-16.24421117496207,10,2.541151409260026
0.8898282180575721,-2.110171781942428,13.494595562609485,-16.055148713347677,10,1.3437513550862432
1.0209319734586302,-1.944503504243982,13.46669629687209,-14.609460758933626,10,-2.8384087108903016
0.9635910375318333,-1.8492514625061618,12.942405073635921,-14.933034930201526,10,-3.412271084637684
0.909905601549672,-1.7687005936070623,12.779562789009026,-14.829445651705463,10,-3.2159554450653256
1.0233858538749059,-1.552506796168696,13.043342556545204,-15.00977086829867,10,-1.848834397668606
0.9224283027954674,-1.592347851944634,12.556041554901654,-14.47238520999085,10,-2.203997004700909
0.9744753390211203,-1.5267757626816292,11.953066748304039,-13.884509641040088,10,-7.223748369008149
0.9633524432478139,-1.5732916040495408,11.926540897050039,-14.070082757284197,10,-8.322196541314806
1.0097673236273486,-1.6077162776437062,11.584702557466958,-13.39673608452416,10,-8.958788142140163
0.9722027551112691,-1.7636381505157046,10.808602598590275,-13.089774779417253,10,-4.1373566326986815
0.9936132585768057,-1.8864940496743252,10.061035214310678,-12.696738050984798,10,-7.072850492269487
0.9219721463781365,-2.114160809582155,9.888220676449988,-12.496840648702701,10,-5.432025475305537
1.1000174044553053,-2.0885972276960776,9.358130871711197,-11.951731357277241,2,-3.134983455567783
0.9399934131134918,-2.382603304855853,9.865904196683642,-11.833505170173682,2,-6.223913220720833
1.0600690222108846,-2.364869038384457,9.558105137383242,-11.30204419790043,2,-3.050885796357238
1.0074916858169798,-2.4781091903182073,9.283562080202723,-10.697411813336648,2,-4.348526173381609
1.007045368403566,-2.4915899012828504,7.662590747993557,-10.697138377642801,2,-1.9476875796126303
1.0177209792559831,-2.4450418302048575,8.408143089195075,-10.05906710902961,2,-5.629778679487492
0.9059843705773721,-2.475517546608395,8.479954960909524,-10.21220975799354,2,-6.93752856347023
1.0483196000986208,-2.214503176217044,7.776398498612657,-10.318826282347032,2,-9.823624380438726
0.9744527766356519,-2.143912828510193,6.324992115416351,-9.432072953894442,2,-7.818533527597851
1.060519931656832,-1.9017790360519735,7.412502275922467,-9.645715898808982,2,-5.495245251828945
0.9924382017253885,-1.8174918992128128,6.525496587889688,-9.13699519380457,2,-13.196945045639113
0.9812739220454765,-1.694929637135832,6.159292232563482,-9.292993573306005,2,-7.900288394856793
0.9354391943431909,-1.6387962367901572,6.137808367426583,-9.254867211624743,2,-5.036232139531838
0.961724531709633,-1.5523023635642503,5.35381311912634,-8.089595622280834,2,-12.556652607913852
1.0211156880832033,-1.480367602027451,5.470313049647377,-8.200674431232919,2,-11.260737558884294
0.9346042850165313,-1.6032306251948136,5.785927452980591,-8.214985744797211,2,-17.534051907814934
0.9004700225211318,-1.719046314648033,8.016129663717521,-8.616808557484598,2,-12.246479391141271
0.9571225557169449,-1.7813935851751457,7.429600620709368,-8.192845888253439,2,-11.703628913217544
1.0420002688311214,-1.8411623831867494,6.695771388771739,-8.618749733214282,2,-8.881792893718142
1.0890645538513184,-1.950204181931513,8.477431259114024,-8.147647050983483,2,-12.92960257084087
0.9661292166142622,-2.2253940696873182,7.117529559551311,-9.04866007468677,2,-13.372336793584084
0.9225585660087954,-2.4024343955180245,7.892808510657037,-7.831659318781493,2,-13.349864592742438
0.9828435467947951,-2.4437433198018987,7.310063220575255,-8.860364113097532,2,-8.403573136174773
1.009192775720478,-2.477147751631101,6.5441479373773115,-9.041620140107923,2,-11.190893083147788
1.0288948567549416,-2.469498363323576,5.671796758047556,-9.047499629010476,2,-9.763127060885397
1.1067320624003705,-2.354830737196788,5.915087061817915,-8.825081011550859,2,-11.615358891837486
1.0113424410990393,-2.368119204635005,5.6441559035802396,-9.077146948410427,2,-8.93722899146838
1.082773081268946,-2.177369274721843,4.833394397135838,-8.772159365590511,2,-9.780038002380042
0.9768537288968175,-2.1384542064744028,6.020755589314458,-8.54351817173708,2,-10.288188566284132
1.0043282907261277,-1.9548356583422768,6.567870015735702,-9.434499597690206,2,-10.920529078787018
0.9703558633769822,-1.8366693571253612,5.203592923143816,-9.092438871546566,2,-8.857842728271331
0.9659997832941029,-1.7078139484450028,6.865438700400365,-8.791285189462924,2,-9.531030845110422
0.9868297077566364,-1.5857653465899015,4.259808303298057,-9.146482442142435,2,-7.312697199323926
0.985967256232959,-1.5273296033890404,6.075880180090112,-9.191842656121276,2,-10.521091026370824
0.9698012040251126,-1.5319339944997186,6.534453419010374,-9.50800728020218,2,-9.172209063272067
0.9725373546317849,-1.5665067005255986,5.290767350044189,-10.219259670832505,2,-5.232843539181299
1.0548398127220702,-1.5667243112754314,5.38974366327607,-9.725313712572746,2,-6.03505067182955
1.10565560784791,-1.6355461119211472,6.3575884699114384,-9.789280834232319,2,-12.042709445311388
0.9750796688646777,-1.9111429486972769,6.128012770287526,-10.642644619870687,2,-0.8390349111300262
0.98378022762163,-2.0586227346161197,4.560741369498791,-10.318080378776273,2,-7.243624177143981
1.0262304500315254,-2.168193914264163,5.5583080697322345,-10.082878004496983,2,-9.776685319209161
1.1593516669036485,-2.16802468231622,6.35557901124292,-10.149134505200667,2,1.6326217924020863
1.002536709590731,-1.997463290409269,5.658499743468957,-10.547305704255896,2,-7.446771581313912
1.0962238464487064,-1.9037761535512936,6.545107663279238,-10.556522416625107,2,-4.993251852295662
1.1542979108290798,-1.8457020891709202,6.224329975048466,-10.767266664301896,2,-5.745710028475336
1.0311932532972368,-1.9688067467027632,7.19996705523041,-11.506815601117161,2,-3.6717744550455262
1.0824039700122872,-1.9175960299877128,7.535448224306343,-11.050440592637635,2,-7.32342511472902
1.039644811447342,-1.960355188552658,8.335442357447995,-11.646855269324032,2,-5.304644271099363
1.0673216260989398,-1.9326783739010602,8.35671997688277,-12.05095290860696,10,-4.869187579887046
0.8420271369452961,-2.157972863054704,9.102315390094676,-11.699229875450676,2,-2.2786945172684097
0.9435538933944463,-2.056446106605554,9.353138069325412,-11.91456422581881,2,-9.006777381756434
0.9452551487851277,-2.0547448512148723,10.13394521343565,-12.420007776820011,10,-4.828143453371712
0.9142992049404909,-2.085700795059509,10.350345399131411,-12.528850945766585,10,-10.385891046359326
0.9483244901111637,-2.0516755098888364,10.594494672499632,-13.259705227274711,10,-9.992731142394913
0.8430405531518129,-2.156959446848187,12.522957763290524,-12.643331268723426,10,-0.7137295653094903
0.644428439460951,-2.3555715605390493,10.902136086324195,-13.209698336714993,10,-3.7762142536792846
0.7756255351755834,-2.2243744648244164,12.738716989750527,-14.167854670292801,10,-2.508950318492438
0.5829233534929511,-2.417076646507049,11.48465412615642,-13.650523808644156,10,-5.271492260221323
0.55337636309857,-2.44662363690143,11.381937363898768,-13.82932175125362,10,-5.759984951398235
0.5310813665209778,-2.468918633479022,11.400997864320212,-14.130533611770957,10,-5.595139187921721
0.5091428343234206,-2.490857165676579,12.90724818451703,-13.827394463915656,10,-7.841841371784732
0.3112071915247677,-2.6887928084752324,13.175623383020193,-13.596377459148439,10,-8.983550721353208
0.5207229859609167,-2.4792770140390834,12.60899335716957,-14.110327201373945,10,-7.388857628136103
0.23531845984238461,-2.7646815401576155,13.11357790422396,-14.20922743426868,10,-3.5974920967075725
0.4483300254794347,-2.551669974520565,11.553355521504285,-13.68045090860349,10,-3.501612782075413
0.11812069695915606,-2.881879303040844,11.45790648723875,-14.456982362181838,10,-4.556836500072502
0.29719285835327036,-2.70280714164673,13.4722882024026,-14.816449428210642,10,-4.7989949208960665
0.1038753196114528,-2.896124680388547,12.5763955679143,-14.372652283681118,10,-4.257960466246821
-0.12763034257201192,-3.127630342572012,13.226511741250079,-14.85123046397013,10,-0.46077359776959126
-0.12316344414474917,-3.1231634441447493,12.23754171222426,-15.102703896317802,10,-4.651648926674675
0.05097506496870065,-2.949024935031299,13.903872932156967,-15.074234781350523,10,-2.1536695687612974
-0.0992890636627558,-3.0992890636627557,11.694843104228992,-15.204985458007823,10,-1.7040602541839005
-0.21393887977847184,-3.213938879778472,11.807221477306374,-15.020155560871292,10,-3.114432622716761
-0.4888387215828114,-3.4888387215828116,13.773765642686906,-14.617863746521035,10,-3.656151977707802
-0.18824640699627487,-3.188246406996275,10.962346143394432,-15.049277870749805,10,-2.285419614839529
-0.19890716921377383,-3.198907169213774,13.042207634189854,-14.858161329206919,10,-0.6002050149387088
-0.2743681574072321,-3.274368157407232,12.716383628563223,-15.188219836380936,10,-2.4980572086306196
-0.5601621928179386,-3.5601621928179386,12.29997530230191,-15.71778910048859,10,-2.8060908311275714
-0.5138536996379901,-3.5138536996379903,12.702942916594289,-14.894786629899926,10,-4.2143492629008446
-0.554232135669759,-3.554232135669759,12.297714848324729,-15.405041078784286,10,-4.386063389049912
-0.8051177991052315,-3.8051177991052314,14.016151473771059,-15.151264513024291,10,-1.1267471543015213
-0.68066981180241,-3.68066981180241,14.275149843047652,-15.197902778196202,10,0.3283636075396723
-0.6351983893338563,-3.635198389333856,12.642489750159541,-15.77448797538656,10,-0.3476231792455796
-0.7065028026758904,-3.7065028026758906,13.425558876332417,-15.322950622357197,10,-0.8894330819187013
-0.931618956381496,-3.931618956381496,12.451383749718632,-16.033385836713453,10,1.1042853736209914
-0.94107140346348,-3.94107140346348,14.274181440473688,-15.509521378491463,10,-2.2910577455851335
-0.8066775094541143,-3.806677509454114,14.435991265572431,-16.33986542240944,10,1.9965931693936003
-0.8498760834347119,-3.8498760834347117,13.705619677781732,-15.835932860798723,10,2.2585250119185307
-1.1623905672191983,-4.162390567219198,14.14440069343398,-16.368434987424035,10,2.2106882087560558
-1.2027421705756094,-4.202742170575609,14.309597267859846,-17.385384557871454,10,2.0349608730948345
-0.9810594868911567,-3.981059486891157,13.511894433236968,-17.573924381924577,10,1.3906642541531191
-1.044845709116112,-4.044845709116112,15.985880423447396,-16.969026287963768,10,0.6802466499310289
-1.0242860780716483,-4.024286078071649,14.673035294571731,-17.54389982127731,10,1.9640558888661106
-1.0402280252706628,-4.040228025270663,14.983159145344816,-17.993012236459048,10,3.5062050248623122
-0.9013887398076172,-3.9013887398076172,15.722158629867595,-18.107519143591876,10,2.108810351676076
1.006886411394572,-1.993113588605428,10.204304535993547,-12.00978498123046,10,-4.430071907839747
1.0160909910698064,-1.9839090089301936,13.065679623896873,-8.775434976666926,2,-10.950235229652009
0.8439816524822096,-2.1560183475177905,11.602644960010545,-17.24189771414972,10,4.9433027834710686
0.6268206382475819,-2.373179361752418,10.327142032871627,-12.241160993606831,10,-4.776891868500675
1.056792583549981,-1.943207416450019,12.545119494173235,-16.795747834348713,10,1.0172987066549481
1.1362324084966142,-1.8637675915033858,14.138250319072974,-13.893905341045265,10,-6.087134180511322
0.8614808368621923,-2.1385191631378078,11.202328873337517,-17.015614941815194,10,5.439937136963589
0.8909568579466358,-2.1090431420533644,9.667260592134244,-17.922909445760403,10,2.8756866442378994
0.8653382652782304,-2.1346617347217696,15.832886433640775,-15.685440805340981,10,2.242822835268065
0.9639831844717524,-2.0360168155282476,8.948194836495773,-15.225680083955538,10,-3.073614135548562
0.8457701814327081,-2.154229818567292,10.39613606555605,-12.197931571874477,10,-2.9589535166536542
0.7639030597496091,-2.2360969402503907,11.062447998629878,-10.589727109844803,2,-9.5483340033146
0.6744540894387366,-2.3255459105612633,9.78018712686782,-11.399328157333736,2,-4.767804837274143
0.6268752869921556,-2.3731247130078446,9.878677455795946,-9.750723668908606,2,-9.581515557008261
0.42640583091453077,-2.573594169085469,10.935431025606448,-16.862697865068014,10,-3.0014814386377155
0.47924780784240434,-2.5207521921575955,5.517596560461881,-7.9915099658112565,2,-10.42953944531566
0.5514145195802382,-2.4485854804197618,7.711200138986682,-13.623651619786273,10,-6.43928388006111
0.38279167262307323,-2.6172083273769267,10.350472647421185,-13.005380547224165,10,-2.3974439043028037
0.3523585684441914,-2.6476414315558086,9.837825641015675,-13.103117460378826,10,-6.12669790257107
0.1706964424733184,-2.8293035575266816,11.131693357418643,-17.263284120701933,10,-1.5220007801558781
0.27210545500422406,-2.727894544995776,11.58907821129485,-14.876375957577295,10,-2.1194324928965917
0.01972482096514394,-2.980275179034856,7.496510720821764,-13.05202477638662,10,-3.144853877256917
0.13257844498595417,-2.8674215550140456,13.755782570453022,-15.629699352999822,10,-1.181910699688519
0.02214770380583191,-2.9778522961941682,10.442962926573065,-14.37564851253924,10,-9.602578855189906
-0.19633990864740225,-3.1963399086474023,9.557400315531037,-15.856943567611049,10,-2.5253015172465685
0.022141870728578428,-2.9778581292714215,11.187288128823457,-16.041630158520647,10,2.076771106794734
-0.1636516309664343,-3.1636516309664344,10.590632473017914,-10.879329022732382,2,-8.450448322448059
-0.023064127525647682,-3.0230641275256476,12.139496807208667,-15.499973744710289,10,2.1591333323604625
-0.12236650940153329,-3.1223665094015334,10.031437104983468,-10.822108039288015,2,-10.171227423532839
-0.4181198344255105,-3.4181198344255104,11.306567396376607,-11.959046283620685,2,-6.563281481543889
-0.46802072645694404,-3.468020726456944,7.246504383037125,-12.047494269365231,10,-8.78373534277225
-0.5631844111301196,-3.56318441113012,9.12873760948347,-11.30968670390946,2,-0.5715185104012115
-0.6600074544302359,-3.660007454430236,6.885228188658592,-10.316171878380832,2,-6.471357458358495
-0.596970571879214,-3.596970571879214,9.281730579726077,-9.76205588802931,2,-7.302360284569456
-0.46157615529496965,-3.4615761552949698,9.171562528346929,-11.206971472884023,2,-2.179406090093122
-0.8462434354006854,-3.8462434354006856,9.420004524820918,-16.80668728412903,10,5.059737136366267
-0.6157708900111276,-3.6157708900111274,14.299034663232405,-18.12115715695427,10,1.859744729238566
-0.6675721004579177,-3.667572100457918,14.082631291736776,-17.42100630058299,10,1.45045143122027
-0.729433762464041,-3.729433762464041,13.88959462290916,-17.559847182975815,10,-0.12661247491575045
-0.748978845124372,-3.748978845124372,13.34833851556728,-17.09161209032252,10,3.6832229531717324
-0.9668597747480574,-3.966859774748057,13.21495353531035,-16.54226836269458,10,1.6722454353737868
-0.811035090278843,-3.811035090278843,12.852127603575747,-16.601738728608773,10,4.798875342206585
-0.9693644175992718,-3.9693644175992717,12.272303497883533,-16.26299787253508,10,-3.1283430810637642
-1.18398816310402,-4.18398816310402,11.919941922751702,-15.76251349169232,10,-1.1428528739060582
-0.9522482175398514,-3.9522482175398514,11.376172800192343,-15.43511622641743,10,-3.7510214276599987
-1.05853265367961,-4.05853265367961,11.282179314104567,-14.717078737620392,10,-5.831500434140171
-0.8505204733624411,-3.850520473362441,11.164102815012827,-14.864813101703131,10,-7.1575655367010285
-1.0234163710991768,-4.023416371099177,10.862723964147484,-14.208644346474163,10,-2.9491612181207563
1.0022803919962797,-2.4880930666137386,10.551637000807727,-13.829647615133645,10,-6.984805482521931
1.019458978807227,-2.477068315762958,10.070603876151099,-13.815797544270087,10,-5.2586295751811445
0.986629968105831,-2.467351061833943,9.899154854522017,-13.730900299799648,10,-10.413749758554184
0.9948079441285,-2.3720997185098653,9.676767996136553,-13.407191907757577,10,-3.3992777842652506
1.0421787011390171,-2.201668770767809,9.10277764164646,-12.916451667782543,10,-7.99762912470065
0.9466839260880016,-2.1501864495304575,9.067071295282902,-12.92501138395177,10,-6.032810227068625
0.9649093278736199,-1.9754827677583042,8.891261586664058,-12.125617162263202,10,-5.310871969103221
0.9516444472699517,-1.838115796095445,8.432470814985253,-12.016150743524888,10,-4.664519527138349
1.0718377336274776,-1.5879112706948997,8.44887633142465,-11.878333122110615,2,-7.70795346603573
0.9649150011496085,-1.5981950638940299,7.93792542951499,-12.010040498785148,10,-5.165048884943261
0.992835837064146,-1.516486072559074,7.629595438665308,-11.660993273991505,2,-0.7748949063936299
0.9699697659375207,-1.5336903906207175,7.639289507734876,-11.255733204269042,2,-7.487230496711215
0.9845911023362607,-1.5620890162752918,7.662705070001816,-10.956002084902714,2,-7.341247650114674
0.9631285266761609,-1.6710338102729954,7.0951337816659095,-11.03265351985969,2,-6.171320930231873
1.023136215682056,-1.7343902159591937,6.961154900699807,-10.41438101854222,2,-3.1227898372201697
0.9479574923360052,-1.9567151851474616,6.533662811341437,-9.860777756788371,2,-4.986956076013992
0.9323774722545002,-2.1287912899347274,6.175977500662244,-10.07980996925494,2,-2.1799958577663894
0.972078981528362,-2.2395863464998973,6.18676119808556,-9.576270067097632,2,-9.311440980803136
0.9600882390984233,-2.3813132194831645,5.977810779573842,-9.522030779202957,2,-5.140446656813546
0.9331077588095811,-2.504544691529321,5.619292732102473,-9.143601505229316,2,-5.457648242962312
0.98383136004984,-2.507146509598913,5.545734193604912,-8.668830033154574,2,-14.029335265278897
0.9169941289721834,-2.5791533548552237,5.073338863863767,-8.61809448717628,2,-12.945910481024038
1.0863873813717129,-2.366266868419587,4.775508591362426,-8.515449799404816,2,-10.56003069199221
0.9253699317792153,-2.4393941137818818,4.855554069530245,-8.013900092095179,2,-12.03608863206754
0.9676850250349626,-2.2734122418660716,5.206998528220216,-8.43736214851343,2,-5.7667498671534005
0.9798222521576545,-2.1139610745302693,4.962272107321279,-8.106255263010773,2,-14.4093763161858
1.0842342482302811,-1.8530367366795764,5.719396074665539,-8.20850849426588,2,-10.362855977440121
0.9134842344787911,-1.8734269593349966,6.732078644773063,-8.289878652762507,2,-12.657827017103285
1.0071025045958784,-1.6503489501622357,5.753268858900714,-8.40349379306598,2,-5.64881683765405
1.0518579232472312,-1.5097314391361953,5.470922680412979,-8.422410469738738,2,-13.924766285998807
0.9845128448258698,-1.5242143617128177,6.730931316191835,-8.5727109545815,2,-9.411205384951746
0.9415091483914495,-1.5625406339791112,7.313053515794287,-8.306771464582008,2,-8.527833048625507
0.9946007517823471,-1.5534151064866413,6.820877909174326,-8.156974079763543,2,-11.305482951230852
1.076355062994624,-1.5599581162188458,6.974673359258825,-9.038144266630388,2,-8.477023837130524
0.9692107077616144,-1.7910707110939728,6.950496305492795,-8.824682603335201,2,-13.1180654924101
1.0718091734038884,-1.8359524231943563,6.656034371407033,-8.992181567417854,2,-9.038892680012106
1.0129333456005107,-2.0513553020404136,6.936237785833331,-9.296485624513576,2,-12.370379514721007
1.0616257105868125,-2.152884466444341,7.467768976279401,-9.708609787721077,2,-8.581938114959568
1.010934154613807,-2.3327580897007403,7.591302241200751,-9.571973390601652,2,-10.366785919527521
0.9757812154015348,-2.463383273889844,7.90139666336705,-9.68518959968387,2,-7.857616324988864
1.0819429993186978,-2.409619859579152,8.386992182290617,-9.79813908924917,2,-10.565680539632197
1.0112617676402802,-2.484486279158412,8.14220605174112,-10.154775545003055,2,-3.7118360996488637
1.008321476790158,-2.442988087044358,8.785182503016918,-10.085032129334902,2,-6.944024896065818
1.0403777815802715,-2.3222282177999363,8.540284403946568,-10.577840351953594,2,-4.527124373846554
1.0462076191542768,-2.1921299055689487,9.242491813205225,-10.541118737449922,2,-8.905565545398794
1.040642823211905,-2.050049744724434,9.145747316222263,-11.181392554798455,2,-8.214440697108877
0.9324639023529246,-2.001688453229278,9.181830553940626,-10.884982778660778,2,-4.951249709308012
0.9681382233962061,-1.8159323500971456,9.535900052496254,-10.60437460436216,2,-2.3262192546783167
-1.0525669902000414,-4.052566990200042,9.61676701274496,-11.866253452251966,2,-5.496914830921134
-1.0730056683750535,-4.073005668375053,9.93340262460163,-11.670924908671783,2,-0.43885114359381916
-1.0865565130023365,-4.0865565130023365,10.319439010258833,-12.105811383085497,10,-8.486870781179283
-1.0667451587772996,-4.0667451587773,10.235657761329335,-11.504546912660478,2,-3.3124443592428277
-0.9623914917536885,-3.9623914917536887,10.320621280965337,-11.824871432766333,2,-4.385997384603705
-0.9389504619084904,-3.9389504619084903,10.251355233135133,-12.259974354695347,10,-3.050498792259439
-0.9770514720259028,-3.9770514720259027,10.939041088816614,-12.380958362115456,10,-2.609870686258915
-1.004124544103568,-4.004124544103568,11.01585344526328,-12.611826925878887,10,-6.726188166499717
-0.8148061366689582,-3.8148061366689583,10.67878635478648,-12.113083468083026,10,-4.2077736530790855
-0.9286137374551907,-3.9286137374551906,11.43683547162852,-12.45631960476598,10,-4.934716563715364
-0.7992186061180522,-3.7992186061180524,10.923306529644393,-13.460778510197496,10,-2.997404341901573
-0.9197961713408104,-3.9197961713408103,11.72656209363291,-13.62790047830999,10,-7.447266300343195
-0.7880178315298767,-3.788017831529877,11.719607167636497,-13.433899979511391,10,-7.703482338841163
-0.6584260403110944,-3.6584260403110944,11.725239695156642,-13.999421595262092,10,-4.680321918253643
-1.0136250394663933,-4.013625039466393,11.556291242105761,-13.495835267170763,10,-8.450610353965084
-0.7753894206768396,-3.7753894206768397,11.922450435856975,-13.7175291125297,10,-5.1155402140039445
-0.6048341432214958,-3.604834143221496,12.138534366532873,-13.61076498425571,10,-7.267736034854328
-0.49462774619891375,-3.4946277461989137,12.03929155863704,-13.855461361541511,10,-1.3995855604051959
-0.5448632119707445,-3.5448632119707444,11.689551094872904,-14.353789420094243,10,-5.5769446889239145
-0.5072476550231759,-3.5072476550231757,12.01774444176944,-13.992045520742991,10,-4.536966561348016
-0.2961519563567506,-3.2961519563567507,12.316797848597577,-14.875403376628359,10,-4.002082890291788
-0.27300732710892317,-3.2730073271089233,12.673443519296605,-14.563902597983798,10,-4.609598083350666
-0.42887833703044265,-3.4288783370304428,11.944615284451931,-14.641982339215538,10,-4.481828308776139
-0.27064002246189955,-3.2706400224618997,12.292238922035725,-14.613779928579088,10,-5.718253604035093
-0.1854089321080107,-3.1854089321080106,12.392696201542188,-14.944211410020149,10,-2.0938017355017857
0.012165009613816585,-2.9878349903861836,11.799632270281933,-14.555146188445942,10,-5.727436913789032
-0.010725466764024888,-3.010725466764025,12.620891139862099,-15.232762421972133,10,-5.5937789107540326
-0.04494282280198124,-3.044942822801981,11.748722077874103,-15.005820064518062,10,0.09961165170656328
0.05030629096347561,-2.9496937090365245,12.349242966760098,-15.407486050149686,10,-0.22967265721105923
-0.0973173262367526,-3.0973173262367526,12.21272852891524,-14.928671595705612,10,-1.718660429997245
0.25034590035894727,-2.749654099641053,12.159807128481747,-15.392785465884124,10,0.47228143796540256
0.2798614196174122,-2.7201385803825877,12.965990809780937,-15.518613547221833,10,-0.6148296523864818
0.3974575277015822,-2.602542472298418,12.115846574161921,-15.50180230360445,10,-4.286729027345861
0.32169831471476223,-2.6783016852852377,12.154899315697767,-15.887680107180682,10,-4.051490529580356
0.4074396096052856,-2.5925603903947145,12.720437942093964,-16.28019124526063,10,0.36442245515891547
0.4034733614489186,-2.5965266385510812,12.603736233659959,-15.893798045643866,10,0.22025808600503677
0.39198754335269503,-2.608012456647305,12.835626251832661,-16.46568888927461,10,-0.7936486323810621
0.499749165849375,-2.500250834150625,12.552175716367048,-16.08367502678183,10,5.7078038848876815
0.4290121035924278,-2.5709878964075723,12.703743041292803,-16.97525808861243,10,4.811329777297234
0.7509541250953027,-2.2490458749046973,13.296282869979619,-16.712418805892277,10,7.314555466984121
0.4879488168806422,-2.512051183119358,12.553259331405313,-17.162971534932083,10,5.139853260775251
0.9518052009309094,-2.0481947990690905,12.900782079838942,-17.006948626240806,10,4.175752964063539
0.6123718775026206,-2.3876281224973797,13.310374125917289,-17.192317036062796,10,-0.9231237279263889
0.9758478485310608,-2.024152151468939,13.13916961381882,-17.391886367425982,10,9.484028335523249
0.7688621758236999,-2.2311378241763,13.16997790155373,-17.31542264382192,10,3.777249384542392
0.9461799775690108,-2.053820022430989,13.6959670601777,-17.2015717114354,10,1.148971508694508
0.8417213317633256,-2.158278668236674,14.083033998203987,-17.97300412929635,10,2.1189259065974397
1.1076040566488967,-1.8923959433511033,13.794027730084286,-17.87288783400456,10,-0.4034324924357733
-0.9554041275447605,-3.9554041275447602,12.973136243574103,-16.53526012516896,10,0.9279973851105867
-0.8681559712719625,-3.8681559712719626,13.644763388773775,-8.2246564726452,2,-12.892846068486184
-0.9798114894671499,-3.97981148946715,10.673999331668961,-12.53902695474817,10,-0.48607075322944854
-0.9601077329801221,-3.960107732980122,9.545483171341402,-12.064085995949512,10,-2.1883930913138396
-0.9378442324270944,-3.9378442324270946,9.077132900507161,-10.113165717791434,2,-2.3151239153658114
-1.0524261737717344,-4.052426173771734,9.680219705903491,-13.772726777283046,10,-6.7156342220153915
-1.1237290845303636,-4.123729084530364,4.923372073701657,-9.281681526172981,2,-9.9840564125108
-1.1180690595143787,-4.1180690595143785,11.369897836075197,-9.261227205055194,2,-9.964663671085603
-0.9711265940608148,-3.9711265940608147,8.716396699804314,-14.050488569827628,10,-3.0164646186132353
-1.00951661096113,-4.00951661096113,8.038158093764622,-15.627291249667092,10,0.9266598802730843
-1.1558811815144983,-4.1558811815144985,4.058704494470496,-12.34598633707609,10,-5.2502797886617785
-0.8669219818011253,-3.8669219818011253,9.916418753492168,-10.218298880226111,2,-4.705860723301265
-1.0133546368269433,-4.013354636826943,10.221328023550152,-11.520654348351345,2,-1.9956762060968294
-0.9773023304661637,-3.9773023304661637,9.350134549500739,-15.577578686624467,10,-0.34680202345143096
-0.831790742031426,-3.831790742031426,10.298847424345597,-13.778940163539728,10,-3.752530942325306
-0.8807252047224873,-3.8807252047224874,11.95069906314261,-13.544291419620325,10,-3.3253899930218807
-0.7384217554187745,-3.7384217554187744,10.83319231858568,-14.447665080900844,10,-1.625322122505822
-0.5103163897262505,-3.5103163897262504,13.118176012265192,-13.600218068562842,10,-6.475140523701167
-0.6997600044481017,-3.699760004448102,9.975486960778948,-16.753028101516243,10,-1.9009707804707399
-0.7193866488883279,-3.719386648888328,11.379416646687922,-11.661173385056545,2,-4.339887925742728
-0.5444267604557098,-3.5444267604557096,12.976079492305526,-11.16312123953093,2,-5.166102814145527
-0.5870246796506454,-3.5870246796506455,9.86847960704346,-9.795809695015564,2,-8.807180905465323
-0.4520355982451058,-3.452035598245106,10.258609238073918,-11.427596346299172,2,-5.350400292207183
-0.36595945241579175,-3.3659594524157916,9.862406044623121,-10.093870049112718,2,-4.614218172370662
-0.34258306434092584,-3.342583064340926,9.219082428643024,-12.826942436965528,10,-9.250566209223276
-0.27360698833391506,-3.273606988333915,9.251206962830567,-12.345111231048513,10,-2.929404332603746
-0.19914902818138527,-3.1991490281813855,8.593181825349467,-10.106229973158358,2,-8.168093295418807
0.0031215081235191344,-2.996878491876481,10.687328342237493,-13.983267152891408,10,-6.468900121273635
-0.11949416673832954,-3.1194941667383294,10.437561553141135,-16.238022052504228,10,5.197054284250738
-0.018698750252314864,-3.018698750252315,14.968557809080876,-14.045326841526464,10,-4.275947712556297
0.11812709725333218,-2.8818729027466676,14.016891027627882,-8.033911604805075,2,-12.462926813919141
0.14130591946942617,-2.858694080530574,9.68945384298976,-18.014271890004323,10,2.780537595487663
0.1207688440794781,-2.8792311559205217,10.044813087803654,-15.37115810443169,10,-2.938966408558855
0.3085444099464296,-2.6914555900535704,12.721302995243068,-17.928522088388455,10,1.2882906344342449
0.19213819518133318,-2.8078618048186668,15.279262883292827,-18.083584914928093,10,3.1048130501849
0.31638842776484927,-2.683611572235151,15.122718098408656,-17.718750216452072,10,2.2209294120289496
0.32041439603346616,-2.679585603966534,14.867414020892982,-17.362062132979187,10,2.935430266862797
0.5120282063919853,-2.487971793608015,14.762574443202123,-17.005806396326115,10,4.7745264197039905
0.6284614784123463,-2.3715385215876537,14.127684164190955,-16.52072696701326,10,1.199488845239882
0.5849110740880714,-2.4150889259119284,14.06648313384423,-16.400866770750945,10,-0.8392278794376924
0.620955328859577,-2.3790446711404227,13.71541211085879,-15.790139615590132,10,-3.548756799149947
0.5743533730840601,-2.42564662691594,13.722378777341788,-15.591519949547427,10,-2.812094345348698
0.6374073671744855,-2.3625926328255145,12.977494127113872,-15.527682729259697,10,-4.927832652361155
0.6313462936888775,-2.3686537063111226,12.722971089206288,-15.147229175381153,10,-3.8922164201623604
0.573045499987874,-2.426954500012126,12.791240585505042,-14.96248703814684,10,-5.474970734886065
0.9804482999384754,-2.5130087475881067,12.64097099940297,-14.877144427334343,10,-5.874132924148111
0.9850947365323517,-2.459224696793826,12.33499518557418,-14.450907311973834,10,-4.025241684271714
1.1086421147686654,-2.2429602247716867,11.866893326254884,-14.299816630050731,10,-6.556231631302663
1.0781406783104055,-2.1462589117898263,11.914242670910978,-13.852687431918916,10,-3.0388430523918837
1.0277820119816767,-2.0474053989253065,11.290539109192668,-13.800952240734503,10,-6.166427447125891
1.1042238615270783,-1.8143768823903899,11.366558459674312,-13.277783521772347,10,-6.757330988180108
1.0695451748092637,-1.7004526564914324,10.783475505905647,-12.993336472080362,10,-7.758846435963669
0.8996215989318613,-1.7443322583526375,10.616655973263759,-12.88787704592349,10,-7.136362197131929
1.0533728086117375,-1.49945858482275,10.478634152097122,-12.346578502678065,10,-7.3019263554166285
1.0355727132597414,-1.4699951468585413,9.924823417267945,-12.52164461705274,10,-4.646091493153778
0.9855311026433654,-1.5212678290087769,10.035529750525123,-11.725196670452696,2,-3.609968083058047
0.9292398740241242,-1.627163988771572,9.507609154252643,-11.370755695406087,2,-3.8344538228017866
1.0297700567855212,-1.6197472748306667,9.281591686233494,-11.396780811080196,2,-5.121763017109176
0.8960436138512752,-1.8809630233061823,9.118740236185081,-10.845495216186997,2,-0.6668943859020702
0.998926251881267,-1.927441195808643,8.552253007533054,-11.038127574720846,2,-7.952274148301873
0.9691454795856562,-2.1138047636986945,8.483825015552362,-10.514584778233434,2,-5.714719222089821
0.9370578979223902,-2.294339263561254,8.237879638540377,-10.279669189387869,2,-5.159394107376061
1.0594400503826102,-2.2977082678308856,7.601590256038643,-9.699582828575346,2,-1.7464634369622574
0.9979345784709613,-2.4499352833716634,7.531242761463978,-9.75983966720384,2,-7.542185093645879
1.0086983164584784,-2.485965378368267,6.768157612640425,-9.152082622822213,2,-9.079813522295481
1.0453935973621213,-2.447546614361578,6.699150041739942,-9.201285054329666,2,-7.248820508040516
0.9995604721848322,-2.4433079820134362,6.122632401093154,-8.776948254220674,2,-9.05926415937379
1.022570559932375,-2.326788971243805,6.043413612173422,-8.044966571869441,2,-12.245747656173204
1.0407925810244545,-2.180792349297617,5.659493573535899,-7.970754032811657,2,-11.009707352015598
1.0283377963459412,-2.0437391691880618,7.020327463967888,-8.164103132271928,2,-13.480176597605261
1.014299008309414,-1.9012005815296715,7.290216059597804,-7.96534646053901,2,-10.632114322438616
1.089155641768753,-1.678054492334278,8.064114624579254,-8.339481762817686,2,-12.132565463927405
1.0620985299004928,-1.5796545083581233,8.19351131177815,-8.263142203904213,2,-14.751248449086184
0.9957118415383583,-1.5557214704904898,7.297116126638624,-8.87102638235745,2,-10.318701982593304
0.9545153524925774,-1.550594289645531,6.926654269844531,-8.05956938619324,2,-13.140744170805267
1.0319311824918822,-1.4753943372743075,7.4609683356564505,-9.00421016805956,2,-10.713868793183542
1.0107930324094503,-1.547070576086155,5.506278900087807,-8.773147978418349,2,-10.704381392500892
1.0854497831594416,-1.5663172778159482,6.157338172540243,-8.693203468044096,2,-10.743422856883932
1.049374650285036,-1.7304510432476419,5.323906291885415,-9.130308538607915,2,-8.252795924613478
1.0382102194000955,-1.891269114637445,5.968557238894442,-9.432319384486995,2,-9.028563531486714
1.0006475768977048,-2.0854021644843654,6.074022079232305,-9.246301043295379,2,-8.579658509258373
0.9562150629166378,-2.2779652052496915,7.32843988753722,-8.969504321513881,2,-13.826627411603946
0.9901018515649342,-2.3692402108693242,4.840305072212454,-9.425696010736768,2,-10.634072509302804
1.0238414047162054,-2.425417673343721,6.197542692648208,-9.85778088667131,2,-3.8447558347775956
0.9135209953495427,-2.5815911313960567,6.820455475726883,-9.936209184121607,2,-3.7445181057602506
1.0620856979826172,-2.43031817852349,6.746857184195492,-9.868933040309116,2,-6.984786480888788
1.103352200087569,-2.3380477562747424,7.431873521487518,-10.373099964420234,2,-4.978670300856971
0.9027530354814626,-2.444349867588901,6.779223204768649,-10.344882882826344,2,-5.555144777767787
0.9299892224493232,-2.2887722827791452,7.033156574802114,-10.467516375108978,2,-7.274193389880707
1.011483123211657,-2.0574805457746743,5.905918832806836,-10.42167125603204,2,-6.572183916064498
0.9708709542182533,-1.941530824155831,6.583446905936756,-10.488015839152261,2,-6.400023515908478
0.6902990041887798,-2.3097009958112205,6.3314573208675435,-10.331178171112924,2,-9.498874844893418
0.7027134886386812,-2.297286511361319,7.93186789499183,-10.935039147036099,2,-1.5482766778680763
0.6503643865490486,-2.3496356134509515,8.05677129238453,-11.283364791602496,2,-4.791668759486276
0.9214755247595312,-2.078524475240469,8.310971410390996,-11.396274064144038,2,-3.093168482606668
0.8758407720493637,-2.1241592279506363,7.9090716203057765,-11.652788297070567,2,-7.878305327224877
0.8068893608131025,-2.1931106391868975,8.162351939661662,-11.991932970665033,2,0.7794889780400864
1.0434283696156479,-1.9565716303843521,9.166896328687466,-12.2181210346154,10,0.5414070191618209
0.8686165359008294,-2.1313834640991707,8.983431833475517,-12.37340239836967,10,-5.499498514357402
0.8181684098637636,-2.1818315901362366,9.111951840853793,-12.224131300120137,10,-7.362959425867802
0.9798724925558988,-2.0201275074441014,9.743925074393491,-12.74648023618756,10,-6.918308933924578
1.0122036376837582,-1.9877963623162418,9.989464585760338,-13.505311858314425,10,-3.485138278586735
1.0415830798553563,-1.9584169201446437,10.200067832593966,-13.309193197944559,10,-8.997119519422117
1.0656214787043528,-1.9343785212956472,10.31504225901941,-13.91511889217984,10,-2.297229248727902
1.0512552405199989,-1.9487447594800011,11.60101874191034,-13.542559014028914,10,-8.543627628990826
1.0468955006068983,-1.9531044993931017,12.545584642591157,-13.935857440700541,10,-2.598434430363902
0.93772226541945,-2.06227773458055,11.906697980157139,-14.003829880426803,10,-4.333273682903863
0.9188396675961047,-2.081160332403895,12.329006964554956,-14.474884470156738,10,-6.0514122941927795
1.0490643383004468,-1.9509356616995532,12.763421612237934,-14.661596390470145,10,-0.618405073657865
0.9832323457946405,-2.0167676542053594,12.897186299094525,-14.71337380486869,10,-7.546678302163883
1.0211782515683943,-1.9788217484316057,12.40417900763059,-14.988410326927479,10,-2.4729394215008282
0.7449791129374115,-2.2550208870625887,14.084293171499828,-14.87985171056432,10,-3.9469518567733415
0.8385602284105972,-2.1614397715894027,12.81427200697756,-14.882526201449187,10,-6.399939025150239
1.0487587210467455,-1.9512412789532545,13.77658519212148,-14.704172635202088,10,-2.138518053395112
0.8793349713381087,-2.1206650286618913,13.833292999314883,-15.546367009374233,10,-4.212100181737177
0.8164027404695074,-2.1835972595304924,12.493276039561888,-15.51282422630371,10,-5.709697377719291
0.8172946250250238,-2.1827053749749763,13.507599093136076,-15.517082608972615,10,-0.1855585405888049
0.9240497316673038,-2.0759502683326962,13.816919010997138,-15.630950695169947,10,-4.683262518505901
0.8569313394978955,-2.1430686605021045,13.913806107772578,-15.813259521021017,10,3.4115036228094104
0.45049744526295876,-2.549502554737041,14.050490543164765,-15.98458056851214,10,-1.207338041383622
0.43631646035470895,-2.5636835396452913,14.343325255926082,-16.090165863282646,10,3.002765554439652
0.3427384902362518,-2.657261509763748,13.918652897656687,-16.35323193673332,10,-1.43545997245429
0.37408839130643884,-2.625911608693561,14.142859984751325,-16.512094797572566,10,-0.8101239098068505
0.39723598258562887,-2.602764017414371,13.922175111137818,-16.293595098419743,10,-4.327945797768864
0.3573413091488393,-2.6426586908511607,13.369252705256098,-16.522554175035218,10,-2.12912424141802
0.12017027928974564,-2.8798297207102546,13.993610407849163,-16.60497936698676,10,1.8867633197474196
0.025480903545598094,-2.9745190964544017,14.430905216889615,-16.685422318746486,10,4.276859402011753
0.07389568311839578,-2.926104316881604,14.670128255302252,-16.914308877500616,10,0.8081610344528953
0.1795560349715305,-2.8204439650284696,14.380692927899311,-17.05207718575351,10,2.5570827508684406
0.1341915365587435,-2.8658084634412564,14.90028911858479,-16.61772285006885,10,-2.2027923641022795
0.1328545932550575,-2.8671454067449424,14.442553373960882,-16.80088522470198,10,7.136325273509534
-0.10369486294467734,-3.1036948629446774,14.793666859713355,-17.341297343121116,10,-2.4456891060451094
-0.0799831631260788,-3.079983163126079,14.949899349311664,-17.20817980150765,10,1.3680588639354088
-0.12350191253260565,-3.1235019125326056,14.411848320921619,-17.623625480594455,10,4.981821271047647
-0.3349824693413081,-3.334982469341308,15.12223680161162,-17.88634463517068,10,1.3440975727063458
-0.3061890456415373,-3.3061890456415375,14.338019125246834,-17.811132533095247,10,-0.017242285329581275
-0.3374158099130032,-3.3374158099130034,15.295085149326242,-17.71531251935187,10,2.796371545068883
0.36908857569009335,-2.6309114243099065,12.456353315192887,-11.83485606258977,2,-0.22636885309104127
0.6791129073515554,-2.3208870926484444,11.55602802139889,-11.372743228731702,2,-3.7880532177428767
0.5638848578227011,-2.436115142177299,13.100140086131631,-12.658318104125303,10,-7.488202372921107
0.627087204730882,-2.372912795269118,9.92638174814039,-14.366870776815421,10,-5.899218172197433
0.5718217751881567,-2.4281782248118433,10.194193861172979,-10.703174858424507,2,-4.8654633046032485
0.6341496658432673,-2.3658503341567325,12.262194431066225,-15.165959937556522,10,-5.972512534419579
0.5351612674775962,-2.464838732522404,8.8455901407698,-14.608756220982038,10,-6.025521351808334
0.8000638915543014,-2.1999361084456988,12.093124704250545,-17.679491643226548,10,1.0977273458713488
1.0817108032798899,-1.9182891967201101,10.29108778097668,-12.255500655818024,10,-3.6961019290171415
0.7625868106494138,-2.237413189350586,12.636714985236129,-10.595106770894226,2,-4.226393371168553
1.1919569059465243,-1.8080430940534757,11.005152286052546,-12.55904022708983,10,-0.834587754612334
1.062114189314103,-1.937885810685897,11.289912309033209,-10.263143647508862,2,-5.57458484344769
0.8960412201738681,-2.103958779826132,7.800680897574932,-13.098240663373872,10,-7.5413440287282025
0.9651069797185207,-2.0348930202814794,10.798289418123018,-8.069117683027224,2,-11.781129586429582
0.9640452081561913,-2.0359547918438086,11.572534222929738,-11.378751709924604,2,-5.559828422429824
1.1594806771032067,-1.8405193228967933,9.294997915321693,-10.78340253949452,2,-7.771643636055524
1.0479644837103501,-1.9520355162896499,8.521485770632605,-15.107313270488198,10,-3.89638089599377
1.1179192791325698,-1.8820807208674302,9.080321321179724,-11.774851558991577,2,-5.5765702925744165
1.0350446767322143,-1.9649553232677857,13.01112037984367,-9.910915147494542,2,-3.913699717333947
0.9835844674231242,-2.016415532576876,15.994781719482585,-14.233327945154066,10,-4.136611168573748
1.0190444732027863,-1.9809555267972137,10.032632640173356,-15.827250195342039,10,-4.913194916638218
0.9334274570515293,-2.066572542948471,10.083108947108936,-14.410807573147835,10,-4.881731027871581
0.8127691079683994,-2.1872308920316006,13.47511846236614,-13.492877769018516,10,-9.959772141221684
1.0194376844918325,-1.9805623155081675,10.354946599199659,-13.123196898380236,10,-3.5736753687577982
0.7643221546108601,-2.23567784538914,13.00656353397087,-14.997523699103255,10,-3.8687795667816953
0.860308856729088,-2.139691143270912,11.524099407073386,-11.89642020198261,2,-3.5639732706574163
0.8124511671318073,-2.1875488328681927,10.099794274247097,-12.947782191603494,10,-6.627886576986828
0.8866315747042177,-2.113368425295782,10.348096083456275,-15.332137152916363,10,-4.4835384405421514
0.9413735003797606,-2.0586264996202392,9.787405493753981,-9.61566510867276,2,-9.52766049219168
0.8649031106184946,-2.135096889381505,8.524284284112948,-12.71803052453938,10,-7.5409669095970715
0.7682078386571097,-2.23179216134289,5.7009653367676005,-8.102031383755438,2,-12.184733323867016
0.5917655338776622,-2.408234466122338,9.139264964817754,-13.523062148716685,10,-4.949636573516352
0.5876039609039042,-2.412396039096096,11.827371453664645,-10.599924814416152,2,-1.2149341109826526
0.5218254836785403,-2.4781745163214595,6.756304760319651,-16.349840913738863,10,-0.7150722689516427
0.4543329479146633,-2.545667052085337,8.35427021322807,-10.12529488041995,2,-6.973662038658663
0.40574161482239673,-2.594258385177603,11.239673102807298,-15.62695040776063,10,-1.2465126876748815
0.34593492508462925,-2.654065074915371,10.9712449874173,-18.192609130007128,10,3.510496703077425
0.28283043113079087,-2.7171695688692092,15.330173050400841,-18.07115666938961,10,3.17818000115086
0.36538002268664416,-2.634619977313356,14.846179313848351,-17.647862583070918,10,3.6097045027539
0.10367824405096093,-2.896321755949039,14.85824719608479,-17.404508728790365,10,4.136899668578353
0.07431769438976392,-2.925682305610236,14.381425586118056,-17.24877565774138,10,2.122618506427013
-0.07353474762844023,-3.07353474762844,14.199080810578968,-16.93888041157119,10,1.0502645074465822
0.16355966417731727,-2.8364403358226826,13.848153851382945,-16.703430156270596,10,3.571505375615737
-0.12052049530646247,-3.1205204953064625,13.53555163552232,-16.509506973197098,10,2.2100352249604356
-0.03751264066002155,-3.0375126406600215,13.32021821403692,-16.266227243223796,10,1.0699939797022064
-0.11836860054747603,-3.118368600547476,12.954828046017305,-16.02864167577365,10,-0.14676101294749744
-0.09567090276700269,-3.0956709027670026,12.430833955374842,-15.59949155324546,10,-1.1894832585725867
-0.3093108601097258,-3.3093108601097256,12.506466816971628,-15.323195986237845,10,-3.9461825829585955
-0.4426774914228736,-3.4426774914228737,12.155281280767351,-15.051085098391361,10,0.8056876627200928
-0.5617369881416311,-3.561736988141631,11.358640271827563,-14.827191887029741,10,-0.20974073110748792
0.860768217760895,-2.4748473919095706,11.279452418471378,-14.628426789429623,10,-4.673932893545565
1.0080676612939452,-2.1964491596764324,11.233934896018386,-14.687963718787234,10,-2.632213074660383
1.0387736286244458,-2.0145851040612537,10.426773181451757,-14.145407888708714,10,-7.147624154574443
1.0235844052598921,-1.8733827390342677,10.546379939905309,-13.993521114196984,10,-7.994698281767321
0.9235117848413597,-1.827169379538163,10.023074876386943,-13.743930368576342,10,-5.915624201551365
1.0519413072555965,-1.5769074218716035,9.919936208372956,-13.468170298259285,10,-2.834344526894927
0.9650891985842324,-1.578330137829279,9.346835787611157,-13.253497343427389,10,-7.8954647448145225
0.9546548252929123,-1.5481171968294511,8.874694969594573,-12.711060287376876,10,-5.512464749060947
0.9639683882348408,-1.5469251441985534,8.692041361078177,-12.576064973435768,10,-1.3594641122727271
1.003920446125304,-1.5630668519824722,8.284527710467673,-12.135285852276933,10,-1.2454966848164477
0.9257649214241463,-1.739786641703677,7.8070800464046926,-11.876461624784378,2,-8.115984369243261
0.998148204314044,-1.798770800408711,7.964543516107367,-11.410717339182423,2,-7.719748116489036
1.0214724122691834,-1.926732505814701,7.099882463116502,-11.187575113316733,2,1.429482469008686
1.0553661948121809,-2.0492047716565924,6.56022547720298,-10.799386760322793,2,-1.8204039893577517
1.0087978328610623,-2.2418827134327186,6.872624001054712,-10.642331279321048,2,-8.090744145016288
0.9330185750903104,-2.4391844478538918,6.204518247623062,-10.159467729054569,2,-6.423542545101265
1.0074445113826112,-2.4497747883399668,5.9529618040185115,-10.124421488994269,2,-8.247242495067443
0.946987086302694,-2.5504037734385974,5.655385728168666,-9.77929058442688,2,-7.421898033542235
0.9441027421816525,-2.544674877292193,5.344654157856047,-9.863752921372324,2,-8.884254799803006
0.9318648198230011,-2.500359557906931,5.0481166736096,-9.237356892815647,2,-9.30182373572361
0.9044373160052988,-2.4288406405858973,4.757242781751106,-9.069196858445522,2,-8.762974303791832
0.9716418416032302,-2.2300013196387733,4.690722398200872,-8.902658207563535,2,-12.855232507970591
1.0564444371523454,-1.993786481773739,4.381122903306623,-8.50822962158868,2,-11.862067130777394
1.1128242007713771,-1.7810677561373836,4.34452646178676,-8.352630345125776,2,-13.299035710538934
0.9713207420829952,-1.7766394800213432,4.086838672827016,-8.04580543207683,2,-12.686224824661153
1.0543052763384828,-1.5724436294975017,4.180859492824127,-8.070694305736291,2,-11.101129423426082
0.9802708840881702,-1.5618757016617517,4.14519010869307,-8.150878195611151,2,-15.991578544170396
0.9174632140275719,-1.584987963247297,4.639189622691681,-8.549370426371246,2,-12.128288633291179
1.0350471130723038,-1.4765089492469463,4.985681736390751,-8.519002995903621,2,-10.498886865173322
1.0117407043397784,-1.5568275165172545,5.062066412202202,-8.545875067015942,2,-14.353019433729893
1.0909009803980558,-1.5769948391991235,5.338733831061563,-8.575417009931034,2,-8.041239510948335
0.9232660759008622,-1.8765305910152317,5.7384200504180045,-8.73009818036177,2,-16.1712418671948
1.139801635416764,-1.81153210539908,6.2269291578183585,-9.308623472601512,2,-8.631479362873483
1.0795858661594078,-2.0280582042131186,6.40550342068806,-9.154923477818523,2,-6.5040401064344495
0.9991038213219073,-2.2542926956622242,6.3285819536601835,-9.110730831238964,2,-14.259202928655093
0.9850681104100741,-2.3892273637574077,5.667459070076325,-9.317923783856074,2,-7.920191093519207
0.9642095065565691,-2.494273494341435,6.12691843731013,-9.650739244379931,2,-8.554813249390184
1.0054866319593896,-2.492215233307615,6.259734334637854,-9.62919953247832,2,-9.761416721861602
0.990803192229551,-2.497302233257665,6.200945497856764,-10.131673453845563,2,-9.385053333897346
1.0256897706790307,-2.404945143290589,6.670240961306562,-9.747343225803473,2,-8.388645955253182
0.9852816669490847,-2.345645452965866,5.994345647370264,-9.775601910470803,2,-6.028377353765594
1.0707481845748332,-2.128013340467131,7.34042120573514,-10.295408098953768,2,-6.641622107095623
1.0062523015583222,-2.0408488166055,7.215405883825835,-10.434583762538077,2,-4.778685091680159
0.9871591486037133,-1.903661818273973,7.005039250212845,-9.986834465175031,2,-7.547571750439721
1.0512143290889695,-1.6940349207691026,6.86468311918151,-10.497822745253805,2,-9.552854994141232
0.9188738184901124,-1.7057900288835226,7.438071146090492,-10.472701001194455,2,-7.514203417597178
1.0170494176138567,-1.5238425289460107,7.306897992701871,-10.489539075573976,2,-6.159158236135144
1.0012785668204718,-1.5008714473261118,7.55401151645404,-10.6104128810832,2,-7.186406935110879
0.9294574734797109,-1.5827804402793673,7.196104509859683,-11.017155027060634,2,-6.724073242351537
0.9145748360215746,-1.6555913738880466,8.01776548881831,-10.824804176661104,2,-2.4524287699016583
-0.3645452314997974,-3.3645452314997972,7.892986498321225,-10.913607918423182,2,-5.010519729818176
-0.42400564294650506,-3.424005642946505,7.767746655160266,-10.919024753578489,2,-11.05309364834773
-0.5556764116785772,-3.555676411678577,8.201037749681351,-11.577974548033978,2,-7.346911223531478
-0.45164839029274106,-3.451648390292741,7.709842455036622,-11.554355726364674,2,-3.230724256969631
-0.6271344011547706,-3.6271344011547706,7.593347179096534,-11.289105961979994,2,-3.090917871931805
-0.5915133915416595,-3.5915133915416595,8.360084307095136,-11.610617588638448,2,-2.906100231589729
-0.7168908327496328,-3.716890832749633,8.417747631995876,-11.983157932926456,2,-6.59796157705645
-0.8259324952346039,-3.825932495234604,8.582724834727138,-12.265167981806528,10,-8.546798809639437
-0.9403758733911488,-3.9403758733911487,9.365082174307608,-12.321331642873272,10,-6.1264146707093134
-0.9279371131578735,-3.9279371131578733,9.205542346569139,-12.299260648129952,10,-5.090186869490658
-0.9228456030670342,-3.9228456030670342,9.502718821903324,-12.316852722664741,10,-3.659930254893882
-0.7868102889836391,-3.7868102889836392,9.544424205582375,-12.84410824040572,10,-5.9259270136880176
-0.8684754167408961,-3.868475416740896,10.293268335728147,-12.881809169006104,10,-3.1940037041437073
-0.9310384399918875,-3.9310384399918874,10.511657581917412,-13.135931159889484,10,-0.6695693338103978
-0.8918599666574537,-3.891859966657454,10.871960601489436,-13.153378468299763,10,-9.252071974736415
-0.9370423441545346,-3.9370423441545346,10.637601740866716,-13.242708837537677,10,-2.946682020100967
-0.970592679046351,-3.970592679046351,11.635217310130411,-13.48950907620968,10,-4.627989495847826
-1.1497163671089958,-4.149716367108995,12.140858172549956,-13.695526078145484,10,-6.9487296621974
-0.88504480247266,-3.88504480247266,12.049586173888201,-13.694129895687485,10,-8.816672401877971
-1.0399715422425873,-4.039971542242587,11.699237484806709,-14.00039338187852,10,-5.797963645529164
-0.876494932705363,-3.876494932705363,11.98474168304061,-13.73429909070133,10,-2.4938155493793666
-0.8541600255520715,-3.8541600255520714,12.423517878630594,-14.216502921870303,10,-4.210674117377662
-1.023170654094787,-4.023170654094787,12.611872659120593,-14.286340110709787,10,-3.2058154949550146
-0.8408996974942209,-3.840899697494221,13.051411720842289,-14.214617412069469,10,-4.844757062116558
-0.9479737722406251,-3.947973772240625,13.557329570156012,-14.677013637433994,10,-7.0599213466157575
-0.9197760157734532,-3.9197760157734534,13.640838151550954,-14.868515141426055,10,2.443401497152652
-0.8274264097351283,-3.8274264097351285,13.805202304575856,-14.956754938608324,10,-2.4296032482441494
-0.7902535954488773,-3.790253595448877,13.812520822780462,-15.096945986151102,10,-1.8693476423827293
-0.7771353161108292,-3.7771353161108294,14.036953814044047,-15.474707509563363,10,1.123583574846359
-0.8736204982575422,-3.873620498257542,14.51376431331425,-15.393288313058719,10,-3.5522466156345853
-0.708610541997661,-3.708610541997661,13.543090307722828,-15.61280076332948,10,1.9412651299977062
-0.42213805023480855,-3.4221380502348087,14.417255225176845,-15.646629367111547,10,1.773110604297021
-0.8793360570433304,-3.8793360570433304,14.611496479950837,-15.994390104288675,10,-2.2842450989996825
-0.46253493404796675,-3.4625349340479668,14.862420018468463,-16.136856362489198,10,-3.405414834322745
-0.39019682534876327,-3.390196825348763,14.20694695756126,-16.265255192165846,10,0.758718119077564
-0.576183384863242,-3.576183384863242,14.20939656894989,-16.464963973302726,10,4.053196159371593
-0.42999046394412627,-3.4299904639441263,14.855320071590283,-16.643475137946645,10,3.2753058468605043
-0.42430151127871235,-3.4243015112787125,13.883207764450455,-16.448988648659473,10,-1.3303287581249812
-0.07873433158542148,-3.0787343315854216,15.119472837550306,-16.24961323402787,10,0.2511850660455859
-0.09268492534898916,-3.092684925348989,14.661426201424971,-16.73534662602976,10,2.036806934298707
-0.025898794478448228,-3.025898794478448,15.14104133192492,-16.966820790410118,10,1.5123463074155168
-0.06647274896619525,-3.0664727489661954,14.072252256092797,-16.801415658921336,10,2.028519270634198
0.11548615591791514,-2.8845138440820848,14.27902175703556,-17.06135014372247,10,-1.28317032465372
0.04632991264609376,-2.953670087353906,13.468155851701983,-16.8585544627192,10,3.8542197432768424
0.24575947426354872,-2.754240525736451,14.049232552901037,-17.39272202415094,10,4.931794924108597
0.157229840352944,-2.842770159647056,14.246734489908564,-17.421841821744316,10,6.206061008967279
0.1657505042929026,-2.8342494957070974,13.523800265738968,-17.503302285171053,10,4.249725135567328
0.47542088195247423,-2.5245791180475257,14.108201050563355,-17.671259303004437,10,5.67416392492493
0.35172824305982037,-2.6482717569401797,13.477985303325166,-17.864390678701326,10,2.5806144651124034
0.32202125741973897,-2.677978742580261,14.149881882229021,-17.988131926104067,10,3.0530263584544395
-0.5593239260816543,-3.559323926081654,10.760236867288338,-14.06856240344172,10,-2.523239178815791
-0.6136255855177006,-3.613625585517701,6.561613310617113,-11.544406113201799,2,-5.854378065724395
-0.4910626176669508,-3.491062617666951,7.545931820895888,-11.874938902978673,2,-8.11514273522623
-0.635656464556323,-3.635656464556323,9.186110726007382,-14.299121273149348,10,-5.673694584213603
-0.4437630292871563,-3.4437630292871564,7.963034425728403,-11.664128922056298,2,1.6707871426835548
-0.6000663066361229,-3.6000663066361227,12.503012392611772,-12.937231220192917,10,-9.969272193986058
-0.7352535126522654,-3.7352535126522652,6.70444891933194,-10.878546184245707,2,-6.75204085804032
-0.6598515685342015,-3.6598515685342017,7.499946428197958,-13.288458674368114,10,-10.07115949611449
-0.8859015426127208,-3.8859015426127206,10.103878460035103,-11.793168018235706,2,-7.069073299617506
-1.0546315720179282,-4.054631572017929,8.46522289340363,-10.058816858716078,2,-9.841849805929455
-0.9974764618773387,-3.997476461877339,4.101481843880135,-13.306402916051281,10,-5.873580575501828
-0.9096093966403476,-3.909609396640348,13.912983880846232,-12.889770355294914,10,-4.538348926374555
-0.9687411369519651,-3.968741136951965,7.924523558431831,-11.238087735501242,2,-5.469174659692759
-0.882459429868991,-3.882459429868991,11.170768433509114,-14.05640920544526,10,-3.424706492729231
-0.9919606775154628,-3.991960677515463,7.411468049809308,-12.257033019233035,10,-5.724018940751922
-0.9154207808950251,-3.915420780895025,8.008202503075335,-18.129081519971265,10,9.378667352757091
-0.846936256722261,-3.846936256722261,6.253030068716705,-10.743577771932383,2,-5.273910972018205
-1.0126694568278258,-4.012669456827826,7.78029557134799,-10.782352541059344,2,-8.333691168719765
-0.9432977453561575,-3.9432977453561575,7.754165327816228,-13.548692338102043,10,-5.631486550599615
-1.1692536120629482,-4.169253612062948,8.613306576756031,-11.76512973067645,2,-8.591362753712026
-0.9971971508862653,-3.997197150886265,8.040992480773212,-13.037466570152104,10,-4.629777450237917
-1.0951420220268366,-4.095142022026836,5.896223058154434,-12.321699803055468,10,-7.135848520682679
-0.9407184798853541,-3.940718479885354,7.830994197209025,-10.963224043987434,2,-2.7373294173914724
-0.9111586809994188,-3.911158680999419,11.961521714718145,-9.888592983805353,2,-9.547657648571812
-0.8873120678006583,-3.887312067800658,11.958805455839624,-14.057846162662344,10,-5.682523896840449
-0.9308121717042529,-3.930812171704253,10.47306548650642,-10.768892226318926,2,-4.601093239047184
-0.6216822515598301,-3.62168225155983,11.151666055335598,-13.93698503298458,10,0.9416382716327929
-0.9436931883572164,-3.9436931883572166,14.18310896280709,-14.781899937181844,10,-3.2497363351041937
-0.9119371682996448,-3.911937168299645,11.357150462791015,-13.442823357707502,10,-5.9178470088114405
-0.5725756940586846,-3.572575694058685,11.586052609256638,-13.231126447318417,10,-7.34528485813265
-0.7646337191997133,-3.7646337191997135,7.149039035136578,-12.14547482590315,10,-8.35455327899155
-0.742061950391041,-3.742061950391041,7.971416442811999,-14.152141983293472,10,-9.901283855629654
-0.36812789661862205,-3.368127896618622,9.992086399490127,-8.510371435612853,2,-14.362997004668967
-0.4483066038112744,-3.4483066038112744,8.256059833082501,-13.993076885594355,10,-3.838564909121634
-0.5526225167133028,-3.5526225167133028,7.690435992866456,-12.578792605743661,10,-4.19876240211021
-0.4157722198875509,-3.415772219887551,7.769991387190027,-11.696267067815874,2,-6.209085244150079
-0.18555266964083386,-3.185552669640834,6.591940037585376,-12.112259314702403,10,-5.83503581502025
-0.2520912755890588,-3.2520912755890587,7.849424905975579,-9.586734160927172,2,-12.081451079992364
-0.13248166490144872,-3.132481664901449,10.198134463575606,-8.16169623749968,2,-18.06255564425512
-0.11942686735143185,-3.119426867351432,13.28882054854045,-12.704277807778755,10,-10.47104005893317
-0.04490200337730327,-3.0449020033773033,11.522727576659488,-14.179647060571696,10,-8.568070917637831
-0.07142789499136573,-3.071427894991366,11.486669933622998,-10.06703757657899,2,-7.988508578614551
-0.01144376994112191,-3.011443769941122,14.987421382161257,-17.98893173668094,10,-0.13516275339918749
0.07699960889820577,-2.923000391101794,15.024302324926238,-17.901721300148633,10,-0.8810848034553185
0.18641415217409413,-2.8135858478259057,14.773854596753399,-17.68137235007139,10,3.41124856651123
0.146864911668603,-2.853135088331397,14.832584509441219,-17.408986234560757,10,4.152234791475138
0.2489366037419727,-2.751063396258027,14.480956399493667,-17.21940136978099,10,4.501569679445268
0.2662952750715703,-2.7337047249284296,14.326410431053628,-16.856015726720347,10,4.154475559558383
0.3683211706136785,-2.6316788293863214,13.921429877834315,-16.664983323012823,10,4.949726513068764
0.28966514800722,-2.71033485199278,13.968925261964657,-16.396063401595377,10,0.34565351995505034
0.7317344557789648,-2.2682655442210353,13.946982760447543,-16.07438100080077,10,2.4052104700706947
0.45235154075342576,-2.5476484592465742,13.711855362579184,-15.73126552497465,10,0.804572168389265
0.5419296870244239,-2.4580703129755763,13.231717593258377,-15.615611788837876,10,-3.128719716613673
0.5462935579401562,-2.453706442059844,13.25004043576264,-15.272004385519608,10,-2.9540160748821327
0.7374508482791305,-2.2625491517208696,13.316488345285258,-15.160495395457268,10,-3.879559092563336
0.7012669558003475,-2.2987330441996523,12.912662194358244,-14.78358917999873,10,-7.132537835070302
0.9518096244951391,-2.513873020234787,12.769322015757064,-14.672600958782194,10,-6.187845166475457
1.032844168311217,-2.466309910824416,12.711184516982163,-14.363664258215191,10,-8.357848592643359
1.0395824573961396,-2.4440853168025134,12.294017176481889,-14.215870099514682,10,-5.126708477583248
0.9966561837761366,-2.424086464873898,12.177354826099581,-14.075729202685181,10,-8.973648967367714
0.9668187024308962,-2.3497317855325397,11.900212891120063,-13.952893420403313,10,-6.086035379123732
1.1095533002779858,-2.071757306612865,11.681422575457637,-13.677849160094418,10,-5.784186352090313
1.0170033815262616,-2.0112841430656396,11.401346872430683,-13.357239614260266,10,-8.900904649220983
0.9362965507523338,-1.9361934110475298,11.035340812667137,-13.015569161030733,10,-3.156635633031377
1.0707020230501385,-1.6584967411757714,10.778745056148633,-12.82771773719196,10,-9.980144405943967
0.9572112625293714,-1.6552568730308406,10.457691529718073,-12.437235402663166,10,-4.140724262466333
1.137093917013496,-1.3966532642466527,10.087777020952988,-12.23637839274377,10,-1.7448154575813581
1.0039828928763794,-1.4967740711883606,10.13135214287714,-11.921098404917855,2,-6.060254721555289
1.0506658018027677,-1.4660674094182096,9.70193059123037,-11.762915754035927,2,-3.539411812313401
0.895999121957655,-1.684109827813063,9.545603248038654,-11.197401016814712,2,-9.46565174490086
0.9357929557955018,-1.7488752416832132,9.29513474522512,-11.07252769974679,2,-3.679923701105933
1.0666929809880357,-1.7534626541896747,8.829497956373979,-10.722263442151831,2,-5.962196252766208
1.015890753281457,-1.9573917097220048,8.380676300092416,-10.352188313487162,2,-2.555811915613663
1.1021198211357037,-2.0269099635787255,8.215948592743791,-10.294254045883896,2,-8.06990733686285
1.0242587552614795,-2.2478629270543014,7.871271192072621,-10.306091910321367,2,-4.223802729968197
1.007264811987052,-2.3812586877540944,7.433404908169955,-9.960660453720934,2,-8.689986668730276
1.0856786995411103,-2.3811396822643087,7.315234956545826,-9.668091765851209,2,-6.888421025460469
1.0505068499612722,-2.4488202055769546,7.079599481749863,-9.533617271248511,2,-3.4297669209221744
0.9901869400361856,-2.492674084121495,6.731552761204121,-9.385667461330407,2,-9.130256322085593
0.9452947949750776,-2.4737405043775507,6.4354452266194695,-8.993802160411189,2,-10.2503809943413
0.8814192167617253,-2.432690781886106,6.097125131976285,-8.826880183535803,2,-12.648127931811619
0.9781167165098648,-2.200259627697277,5.984554151434534,-8.477408659905949,2,-15.185275897931152
0.9406832452389314,-2.0844640399427656,5.894142613581929,-8.181242212797567,2,-16.66614489444533
1.1298852321617192,-1.7395665126322641,5.544243364631583,-7.939210136948053,2,-14.53965844622634
0.9674814527964987,-1.7590791094567,5.490437927916428,-8.307320608582799,2,-12.497880824162072
0.9661145497187478,-1.644374157489507,5.436557624662301,-8.477885825456646,2,-8.024143968718194
0.9239377562705677,-1.6086829153958626,5.559053342384105,-8.38193929275303,2,-12.154198581326419
0.9866841335738649,-1.5139097293125008,5.642932055658391,-7.99492562325982,2,-12.902113315598898
0.9667732535178893,-1.550776262134737,5.55291994921613,-8.614618207436953,2,-10.634516157500645
1.086886471437223,-1.4949381240798874,5.957213246017842,-8.56225251595708,2,-12.763395020799805
1.0084238079707493,-1.6786911036033343,5.838356382546397,-9.053083121381873,2,-12.555264074597542
0.9995567988671811,-1.8235366415696197,5.873486289540688,-9.50767587123952,2,-6.461013528302799
0.9932663622958701,-1.9831568530279589,6.123891631777986,-9.866163925142324,2,-5.30465482146404
1.03930874600946,-2.092756688648839,6.073595758185,-9.329942225868846,2,-8.659155786583495
0.9773835917182749,-2.297370897317112,5.984274850575511,-8.849678874499453,2,-8.99167117379923
1.033360304676592,-2.3571349291463632,6.100898494151226,-9.527442518725241,2,-4.423092681121238
1.0806984910363722,-2.387237161740537,6.120135150129621,-9.513749176587414,2,-6.013970658125099
1.0230037505149823,-2.4764765293644313,6.319013971890787,-9.85433014734667,2,-4.384305643133448
0.9875134358587433,-2.494521737549338,6.1878630189487644,-9.583808046625908,2,-11.082990351049615
0.9523270414514049,-2.4649843326725076,6.093439857369755,-9.619522486809311,2,-12.156326037233661
0.9862438006826463,-2.325413283286479,6.0892444792664175,-9.540643861828128,2,-5.690973414571207
1.0281539436986284,-2.1472810817270442,6.489045618049115,-9.63415334948956,2,-9.333894471981036
0.923373632904134,-2.0986324181070795,6.294347287838455,-9.854447569441938,2,-9.437961404833958
1.0415771378854641,-1.8248415540473113,6.497861897130894,-9.251322497153964,2,-5.662141884540796
1.0103806344114032,-1.7135525424120812,6.486072147187734,-9.871652076037835,2,-7.676069542404101
0.9925405420120641,-1.6159841448837104,6.489756046433004,-10.386397841751375,2,-11.976522332274147
0.9670293294274499,-1.5644833209388396,6.566269482048774,-10.672924545479383,2,-6.92084589178008
0.9761811149515316,-1.5242694019461283,6.826694526136932,-10.161544778715301,2,-5.873631389990624
1.0298653020732653,-1.488519602479779,6.574404649457929,-10.8605520844546,2,-3.6410931528570476
0.9935894236952445,-1.5899673594843626,6.762523757734569,-11.090620292683191,2,0.15362521012289432
0.9749430016360715,-1.7146310009422863,6.981129094273373,-10.509565347014789,2,-6.74925011348701
1.023428174668576,-1.8026100689842703,6.835917658597303,-10.531428660373944,2,-10.248637177791426
0.9993171113090056,-2.0006828886909944,7.206043236503425,-10.809144092271847,2,-3.1111777467665993
0.8416160714256355,-2.1583839285743647,7.261352126603008,-10.92059901949646,2,-0.2554966038359552
1.0378949868777367,-1.9621050131222633,7.3026342138250655,-11.354411129892757,2,-2.9079567269641933
1.2412517679550636,-1.7587482320449364,7.334302632458054,-10.85746244792343,2,-7.105929031439555
1.0444598755320498,-1.9555401244679502,7.358599338276958,-11.68901378214464,2,-3.406679267528836
0.8300683753833801,-2.16993162461662,7.711243780560413,-11.036483052876756,2,-2.788770207257819
1.0162236110544773,-1.9837763889455227,8.062351116177155,-11.095949864292034,2,-4.740898758999672
0.8099730517210001,-2.190026948279,7.926518212903264,-11.781911624294473,2,-5.000103096846777
1.3004332933860268,-1.6995667066139732,7.86396422927622,-12.14835123796308,10,-1.2779398387142482
1.194015159218246,-1.805984840781754,8.259510014632776,-11.913137655693326,2,-3.9672400513997967
0.8867678240978905,-2.1132321759021098,8.460913835145764,-12.143450200551548,10,-3.413566870000339
0.7079389175803259,-2.292061082419674,8.43594197574894,-12.80291377934697,10,-3.5670199421027093
0.8201249411702713,-2.1798750588297287,8.633739482577605,-12.822659250930355,10,-2.678905222670768
0.8617289219224592,-2.138271078077541,8.7962830439178,-12.485088926993349,10,-7.114527706847975
0.6720283257088324,-2.3279716742911676,8.996649202050119,-12.59955563312758,10,-3.4003624677219784
0.8063449337241123,-2.1936550662758876,9.215806582959777,-13.265985452212007,10,-0.5807948737958464
0.7563058624525806,-2.2436941375474193,9.326723028767237,-13.488255029718918,10,-6.041892384219192
0.7463307949830181,-2.253669205016982,9.473576483376005,-13.453587756803,10,-7.1468077799291585
0.7126296066720639,-2.287370393327936,9.812187464046488,-13.336483616709131,10,-3.4782138229814357
0.5462258496988306,-2.4537741503011694,9.964653068304175,-13.676764431566237,10,-4.036439689787571
0.5080268578626586,-2.4919731421373417,10.129235079597317,-13.778683735192192,10,-3.780710737417147
0.5461616879952013,-2.4538383120047986,10.37659844231402,-13.858405610053662,10,-4.46073922869623
0.42459573082624275,-2.5754042691737573,10.3986411428475,-13.888924740077044,10,-7.928422371162623
0.5226083298550287,-2.4773916701449714,10.780276660536488,-14.281223439491285,10,-4.5680734474629965
0.37790445490079755,-2.6220955450992025,10.899705367514862,-14.1694566683644,10,-7.010633971666713
0.5017912619752549,-2.4982087380247453,11.159889876995383,-14.511253558533852,10,-2.1229833754109264
0.33706832022744104,-2.662931679772559,11.36617858283932,-13.862791210969252,10,-4.368982597119875
0.3041121381759616,-2.6958878618240383,11.631572340475298,-14.396316135751208,10,-6.947270502852867
0.14495189563210936,-2.855048104367891,11.708168915174264,-15.086511386918044,10,-1.1271657843072473
0.08486519472381733,-2.9151348052761827,11.994337821491895,-14.574573954176802,10,-6.751344912936876
0.17942149130699164,-2.8205785086930084,12.028362317350439,-15.162379560664597,10,-1.3348570011914858
