Agent0[0],Agent1[0],AgentM0[0],AgentM1[0]
-0.09168268438183719,0.9083173156181628,-0.7038946503004336,-0.30125523532680115
0.0504385720172051,1.0504385720172051,-0.555546732813421,-0.3173455927286084
-0.07563825879416677,0.9243617412058333,0.4917930553996126,1.3314788073977952
0.13828631087949433,1.1382863108794943,0.49041957170276645,0.7618037780867832
0.28819152950713756,1.2881915295071376,-0.603780239062069,1.2820989209585543
0.21639759469581293,1.216397594695813,-0.23399066690216466,0.11686938234111337
0.37645857603182037,1.3764585760318204,1.8468060400869681,0.3169426170121629
0.4102259622067278,1.4102259622067277,-0.5865480885213431,1.9009356129945743
0.48441671646324597,1.484416716463246,1.9108045884587852,-0.8359540795806962
0.49352535187704794,1.493525351877048,1.103666942525805,-0.10287704409166039
0.5351122241789823,1.5351122241789823,1.7254162750554658,0.7982540714254448
0.6262093605759768,1.6262093605759769,-0.6290719720694289,-0.19586082008783778
0.7073049806402552,1.7073049806402552,-0.16855587406276104,-0.5701458792830355
0.6527304409278807,1.6527304409278807,-0.4491638087755629,0.6184845127865221
0.7853206729373902,1.7853206729373903,1.1267531919262028,1.3358056664914943
0.806105944917984,1.806105944917984,-0.5676837726720896,-0.1408343628058571
0.9583006355060721,1.9583006355060721,0.7312154933428736,-0.16858962081074902
0.8663467204027104,1.8663467204027104,0.678299411192041,-0.6476880256834309
0.8527962144695957,1.8527962144695957,-0.048029530714176684,-0.2959768434057342
1.121492857964525,2.121492857964525,1.2986597341643356,1.0836060798301856
0.7487725131101673,1.7487725131101675,0.1076798697266051,0.08106287069365692
1.0808531443923333,2.080853144392333,0.834085718608303,-0.8049906609302881
1.060464850374128,2.060464850374128,-0.4947033689177825,0.26236238032366266
0.8821851920198303,1.8821851920198303,-0.7234368141068251,1.0511940109860407
1.11114319142785,2.11114319142785,0.731145529257608,-0.5618856635474287
1.0373106553015392,2.037310655301539,0.43084024433374835,-1.3286052195955633
0.9592754199717877,1.9592754199717877,0.24330766412836574,2.1908251598727517
0.8760234110663687,1.8760234110663687,-0.3436883479377835,-1.3785293500432472
1.0385670219756107,2.0385670219756107,1.549209476526304,-0.3590225638557857
0.8976826078644597,1.8976826078644597,-1.116585804253847,0.23212851185866967
0.8126778269178633,1.8126778269178634,-1.171343009730972,-0.2724277012442913
0.893745307753656,1.893745307753656,0.9421665051638289,-0.07491084465501871
0.8578217116445979,1.8578217116445979,0.8600963841430697,0.5768381678745935
0.8819706285286754,1.8819706285286752,0.3537627789918679,-2.3917216577127935
0.8255516061936465,1.8255516061936465,-0.2879522219028064,-1.2668944715238513
0.92781041126876,1.92781041126876,0.5024221291904121,0.04425938607032916
0.8389079007074892,1.8389079007074893,1.720830297119534,-0.40421701197361
0.710210758050407,1.710210758050407,2.515546207874225,0.12941125827559766
0.5920842591484496,1.5920842591484496,-1.6564137054751564,0.2276532826313042
0.7543946584874456,1.7543946584874455,-0.41892011924854655,-2.115919995470992
0.6643012899916642,1.664301289991664,-0.4817732629848396,1.2736403321516463
0.7992487695293269,1.7992487695293269,1.626519471699682,-0.4982678831003497
0.5057857663118309,1.5057857663118308,-2.4812949865652016,-0.8655131847760066
0.5875077676579421,1.587507767657942,0.513835193065546,0.2083552959592792
0.4116317418400832,1.4116317418400832,-0.2568103084190336,0.10716022778224318
0.31491636676986523,1.3149163667698653,1.6381127495476404,1.1966908176546378
0.09489085753218968,1.0948908575321896,1.5010388400044603,0.27187316277001694
0.2566270530393571,1.256627053039357,0.3655067348266927,1.1581108480243003
0.03799553204252884,1.037995532042529,-1.5797230707117969,-0.9381773754277055
0.008381924343493719,1.0083819243434937,-0.5738894823351331,0.14186105520749914
-0.00749841245508579,0.9925015875449142,-0.46439107661373846,-1.1147477073248893
-0.09352158465125951,0.9064784153487405,-1.3264547944534648,0.0976758555602795
-0.28488397474051974,0.7151160252594803,1.15458428185937,-0.1142879556018855
-0.27021774424676537,0.7297822557532346,-1.453426497274406,-0.15729742520090303
-0.15891962130801454,0.8410803786919855,1.9653275084537123,-0.14852755236163276
-0.24452830326415498,0.755471696735845,1.9628226340454584,0.7363894701845974
1.034922012960548,1.5621883266636165,-0.38506026185950626,-1.6073596570025797
1.0086801031832402,1.609504333846037,0.32849537012981606,-0.8997878627841726
1.0331142256809531,1.7466480983599428,-0.0722834780704241,-0.040571826745175454
1.0120561081293564,1.8663966264915817,0.9018248003616903,-1.1786630894712498
0.9915897455950458,2.001023397987278,1.2746773385647592,0.04611410620104406
1.0582384322752263,2.221839952704112,0.25799699212006616,-0.050852521241074776
0.987712615628648,2.2894357351603594,0.46911670978106274,-1.4037566450525831
0.9615166113166946,2.371767898870238,-0.6206042639395163,-1.4531651462542776
1.0606086171066562,2.5391500451057913,0.4367139668903384,-2.6237882355492657
1.0616748402271527,2.561570387359116,0.1627620789239809,-1.220670049681913
0.9212922356527973,2.3935114383432117,-0.9117944887513568,0.014323258210599855
1.0318976471612444,2.4301245769137094,-0.014037109343111222,0.15618782294087746
0.8977788489090043,2.1829548441979547,-0.3831825179860731,0.2018995596284508
1.0534740443098465,2.197628639445959,-0.6094955818180586,-0.7779188126673808
0.9533118579543975,1.9423061659912861,-1.146491207599568,-0.018303484021489465
1.0392104093826968,1.8741238841822794,0.06250273324947596,0.39724460924145283
0.9692562120291345,1.6662807738973615,-0.7804740063253436,-1.268035549501153
1.0166446220244465,1.6054965312250418,-0.47110817230269936,0.12332907439053986
0.9309641487863873,1.451969392628643,1.075124275217289,0.6564812118350916
0.9859596854236623,1.486098748288468,0.6321161012683779,-0.4907721298228808
0.9970091368169165,1.5253090876811255,-0.9787666478612534,1.062234330349603
1.0480586883209178,1.6507845363646947,0.3518910679064361,-0.46743434382496996
1.0897140421504292,1.8058309991030734,0.13278069826415523,-0.8600608551230751
1.0290344770865012,1.8863861940494753,1.7016962085334608,0.5568411785529204
1.0148825224254174,2.027460145120104,1.3831450008722745,2.033293769466457
0.9485942114706231,2.1151641088416517,-1.5337487257098361,0.0853536188878091
0.9290701768492221,2.2332949373463302,0.861127668958601,0.6349078041137199
1.0095168492482585,2.421557677299939,1.265197251623699,-0.508717221097844
1.0067876914738243,2.4862310388361486,0.5593592087283311,-1.2416162197960277
1.030404483100048,2.530225866931163,-0.3354121436941908,0.16626564590073342
1.035249065566636,2.5064252963337954,2.4133939151171364,0.32439997178791113
1.0180461688795568,2.4143636142503997,0.6514092809270224,-0.35791109038116226
0.9266516057410237,2.2092388891237227,1.9765442737282277,0.6310565180215059
1.0446314735753082,2.185772033812294,1.3514784294735072,-0.65408000981432
0.994737143299941,1.9805877142583843,0.46413466022330374,-0.9020862658517421
0.9522326777641148,1.7841810554930078,-0.5797009114736275,1.060642930486165
0.9792617682797267,1.6737906940070162,-0.024104878152501334,1.0653476265416306
0.9300629559197071,1.5171334654379365,-0.2219124527935532,-0.6343431058356785
0.9827959729344341,1.5029087757578399,-1.21451895564927,1.7188504904048219
1.037539294279471,1.5377624066685889,0.650281574959703,-0.2871066925302493
0.9836187408360999,1.5129709880713484,1.567353001959409,0.08478286464395876
0.9569200972875835,1.5615632778300355,-0.2983034945514468,-0.08465254184842787
0.9870907600731831,1.7058020309639628,2.163656499224737,0.5237602174456797
1.0230477807710148,1.883416339124599,-1.5575827858617337,0.2714214938009425
0.9325305013383496,1.9482515967979086,1.0543635483872036,0.25796216158165786
0.9490463607315965,2.1185780459789325,1.67152023540541,-1.0195616317198861
1.0063506119685899,2.313064979101919,-0.20403058098106056,-1.6885623167896844
0.9375278138600036,2.3513418831613677,-0.18605650514288088,1.142160028252862
1.0972557807243393,2.5775820819354998,1.0427651758444012,-0.5454459989397435
0.992333177124193,2.492060626038728,0.5059911099595346,-0.04903337343347808
0.954650638729756,2.4247652590846367,-1.9974113434595069,0.32679890988978094
0.9591322922438585,2.353524575960175,-0.8433731545393808,1.629009603349268
0.9758438660624353,2.255831259131234,-0.013549548047459737,0.16135792464250795
0.9715085825800798,2.109629524769619,-1.369698179685067,-0.3947975629240973
0.8954200165156367,1.8781274101097303,-0.47417431642990365,-0.5235443812868572
1.0631870265383194,1.8921769548754872,-1.3446854252439342,-0.037356841241938624
-0.6912134229794394,0.30878657702056056,-0.37017063055339033,-0.9093647696406127
-0.736552969835243,0.263447030164757,-0.3366227273211608,0.02887572314901021
-0.6932763776579449,0.3067236223420551,0.35175467659371346,-0.05201968845801409
-0.9187076321704163,0.08129236782958371,-0.09175932399950061,1.6415269486441515
-0.9240474119646259,0.07595258803537408,0.5027897210407561,-0.08360113859092103
-0.8340864309445148,0.16591356905548515,0.38354400747392153,-1.9244881610488498
-0.9143998649596425,0.08560013504035746,1.0313399942643104,2.6735109703964786
-0.8980154039752342,0.10198459602476584,0.8737830409601158,0.9568337311560969
-0.961370405912678,0.03862959408732203,0.7681238351347166,2.082348744095585
-0.994585703684218,0.005414296315782052,3.1048674284667217,-1.1573199869844844
-0.840344577450618,0.15965542254938203,0.3474026366423288,-0.22182678125629193
-0.8864752182854372,0.11352478171456282,2.5935715038588616,0.6744012414943192
-1.2483619860343935,-0.24836198603439352,0.41221840224393347,0.5363913722844591
-0.8519362397505306,0.14806376024946943,-0.08285091480589193,0.3069377073595517
-0.7816249442581894,0.2183750557418106,-0.37316518221319706,-2.199610718500554
-0.8679041089974087,0.13209589100259134,1.5097257984484294,-1.7124394575643138
-1.002179365545659,-0.0021793655456590066,1.640503392887938,1.517520109063872
-1.035452998604466,-0.035452998604466046,0.599783855964729,1.6953295328696896
-0.8757148221432091,0.12428517785679094,1.1335467745027057,-0.10665129143639568
-0.9886188414407814,0.011381158559218618,-1.2772204659230832,1.390427474406382
-0.8656450625070069,0.1343549374929931,-1.5487798225122118,-1.023227766143298
-0.8744342854533637,0.12556571454663634,1.2463268857974537,-0.7944260534686807
-0.7179770566828894,0.28202294331711064,-0.12681149790302182,-1.1022803218631494
-0.8429429327972892,0.15705706720271084,0.7493024173975029,-0.8499195456886461
-0.8093130319484543,0.19068696805154572,-0.7172879499560781,0.7226960095226193
-0.685220522587425,0.31477947741257495,1.6569884697047754,-0.8623523730634445
-0.48481035572185516,0.5151896442781448,-1.5404186718890363,2.239743039927865
-0.6225665244481008,0.3774334755518992,-1.3855850864826886,0.460070606347438
-0.6222845857837443,0.37771541421625565,1.4443115837123448,1.0845270464950882
-0.44256786358724104,0.557432136412759,-2.6098417929829005,0.4899405828000732
-0.4020953946079725,0.5979046053920275,0.3785688680949161,1.214269650459279
-0.5127713872712725,0.48722861272872753,-0.10732599559657671,-0.8679999995385472
-0.4133047396624391,0.5866952603375609,-0.7359519192000298,1.446933538199557
-0.19067799196226282,0.8093220080377372,-0.19993984859036878,0.14093888559143689
-0.19698409939879336,0.8030159006012066,-0.8475234930898101,1.209266110968739
-0.42526155766473706,0.574738442335263,1.5422559460484992,-1.4395640533761842
-0.0678950002249416,0.9321049997750583,1.8044970883616096,0.18058320660836302
0.039210561868974515,1.0392105618689744,-0.6857375867883446,0.14523871678166522
-0.0743240669504162,0.9256759330495838,0.2755248774685312,-0.6192364649794415
0.13998451847879595,1.139984518478796,-1.3250764709360472,0.3131188297472641
0.3220438917386558,1.3220438917386557,1.0730521590031268,1.5396068480015146
0.23646233547414794,1.236462335474148,1.0470091746433143,-0.6961523589631211
0.19549793990555592,1.1954979399055559,-0.29526223270768964,0.9618543562049385
0.26602756693904966,1.2660275669390497,0.01688505841989535,-1.1274230561465082
0.37853265427942323,1.3785326542794232,-0.09376544952267094,2.109444594642459
0.4724700403517036,1.4724700403517037,-1.6184578336802757,0.7846003184367084
0.49672038788973805,1.496720387889738,1.546004147600127,1.7251173322585722
0.594403001166196,1.594403001166196,-0.7669532388824308,0.6720605190937674
0.5812020813418592,1.5812020813418592,-0.7601492722579212,0.39061317772936166
0.6632557333127147,1.6632557333127147,-0.150419854461833,0.7929329404859182
0.7884199272103893,1.7884199272103893,0.9955485853622786,-0.13644746335417146
0.6294649521978016,1.6294649521978015,-0.5913032150920309,-1.617833905558322
0.7879181794450263,1.7879181794450263,-1.9521852214034443,0.4473993464667924
0.8256495061890379,1.8256495061890379,-0.886998060729534,-0.7555033345997547
0.9419427927619926,1.9419427927619926,0.4241404190789904,-1.1016619153794023
0.8586460665548702,1.8586460665548703,2.189750287809187,0.63629316843861
-0.843970546708912,0.15602945329108797,-1.2599199663731557,-0.2791084748996939
-0.8233680170645749,0.17663198293542515,-1.296501767480829,1.0277044066056897
-1.1392864274451715,-0.1392864274451715,-1.5125955008388159,-0.7889407687590703
-0.8543386279253227,0.14566137207467733,-1.636724991299341,-0.4708289765138265
-1.0827949861459372,-0.08279498614593717,1.2056914600814304,1.1502960263013935
-1.102813711624658,-0.10281371162465791,1.4946885753643797,0.2798426609976086
-1.286599800423694,-0.28659980042369404,0.1777558935804024,-1.4773280409061398
-1.0802571947015585,-0.08025719470155845,-0.4677127721408569,0.257760882860111
-0.9977562338379358,0.0022437661620642313,1.791143786862626,1.4812385485888035
-1.0289903291960223,-0.02899032919602229,0.17390804165650472,-0.47857744462146706
-1.026380640742352,-0.026380640742351913,1.0894367093604342,0.5980576964529088
-1.0769717837483,-0.07697178374829994,-0.5164489417218157,-0.849386915155905
-0.8607742968227858,0.13922570317721417,0.044243854223773756,-0.13678327496942902
-0.8296842353003484,0.1703157646996516,-1.2373416454470463,1.0898355364504335
-0.8580821983277598,0.14191780167224022,0.6292489718935849,0.21923166775497352
-1.0593567047436923,-0.05935670474369226,0.19093775077331573,1.2892698627156363
-0.6107360829034789,0.3892639170965211,-0.8945632324137842,0.42530240422786164
-0.7874257277093225,0.2125742722906775,-0.8811071495264614,2.218739677200842
-0.7090429142131619,0.2909570857868381,1.6159585033387436,-1.5649133692192694
-0.8706967826617791,0.12930321733822092,1.9716687504618164,-0.21719335006096485
-0.6770243181096526,0.3229756818903474,-0.21313533666732123,-1.0845337932920514
-0.5868845885332793,0.4131154114667207,0.06775357276216261,-1.0162491744582494
-0.592165614947107,0.40783438505289304,0.40011447464821703,-1.0071836938060397
-0.4384293666959761,0.5615706333040239,0.14803175815968717,0.16772582205122036
-0.3411021942833642,0.6588978057166358,-1.6742977205386302,0.22630093482186714
-0.5491171575121518,0.45088284248784816,0.4278706771903861,0.4274559249951163
-0.2717406302018471,0.728259369798153,-2.0878890346006087,-1.1230605601445518
-0.2578958415206899,0.7421041584793101,-0.7326841912576191,-0.3242248189982904
-0.23720080975903743,0.7627991902409625,0.5054271466248177,-0.9642946397563682
-0.3322776416046318,0.6677223583953682,0.5999942079248373,0.9358815562717159
0.035016006090781704,1.0350160060907818,-0.81007308420949,-0.8702675501809736
-0.010617142236255282,0.9893828577637447,-0.45843694018691766,-0.21371215199588148
-0.16574648837781278,0.8342535116221872,-0.5938365089984536,0.5603064413231057
0.05108861854169913,1.0510886185416992,-0.10284416313606999,-0.6156286744975648
0.17064967660923808,1.170649676609238,-0.026794346635663536,0.6938784449806538
0.25056471539205616,1.250564715392056,0.6684681295291105,1.5960797355331489
0.24833603098394974,1.2483360309839497,-0.5168968628897835,0.18971172872552536
0.35541242427901487,1.3554124242790149,0.37339619191355516,0.9016109145684073
0.5920284193465942,1.5920284193465943,0.5070157644871914,-2.0734208889363828
0.592176686004054,1.592176686004054,0.1982893773718653,-0.42905192684785065
0.39822415738158795,1.398224157381588,-0.2596058224494745,0.1849008169289769
0.48718914233735056,1.4871891423373507,0.1806454642754404,-1.0529650784003068
0.5872986864098988,1.5872986864098988,0.7517402733935762,0.20764933540409175
0.47268593822023197,1.472685938220232,0.8391848677163122,1.0599405560591506
0.5600654563461046,1.5600654563461047,1.815372684826906,-1.8795606280100219
0.5759040695379896,1.5759040695379896,-0.9900262363062616,-1.1890728658038474
0.6642505883009905,1.6642505883009906,-0.44000739099540254,0.18481327076418536
0.9558513200075631,1.9558513200075631,-1.613468660268402,0.4604197294400478
0.7660050858453293,1.7660050858453293,0.931009464327855,0.7380803749096508
0.7800937368310593,1.7800937368310592,-0.3345075063567468,0.11088947888776789
0.9988634696429743,1.9988634696429743,0.20619098202932656,0.4615124050158089
0.8898282180575721,1.889828218057572,-0.6043385694466398,0.9034807085406811
1.0209319734586302,2.0554964957560182,-0.3267039949778253,-0.41445810177032616
0.9635910375318333,2.150748537493838,1.2231901054266583,-0.608586086006421
0.909905601549672,2.2312994063929374,0.6942334104859834,-0.16850663093486837
1.0233858538749059,2.4474932038313044,-0.11152205765894566,0.1994879422774132
0.9224283027954674,2.407652148055366,0.767813919476397,-0.6582734432013181
0.9744753390211203,2.4732242373183704,0.789900080037874,-0.393757316473212
0.9633524432478139,2.426708395950459,-0.39142551668673525,0.39770177050729577
1.0097673236273486,2.392283722356294,-1.4690795606362084,0.1577507810297153
0.9722027551112691,2.2363618494842954,-0.8991616270020392,-0.18533712281575823
0.9936132585768057,2.113505950325675,-1.340528603382517,-1.741069310062649
0.9219721463781365,1.8858391904178446,1.1644346459929071,-0.003507992008540084
1.1000174044553053,1.9114027723039222,1.338115216447681,-0.9700039675090428
0.9399934131134918,1.617396695144147,1.5863738801590164,0.9830827052059001
1.0600690222108846,1.635130961615543,-2.0195555489771686,-0.30872115327850763
1.0074916858169798,1.5218908096817927,1.0714009103737214,-0.9962320562225203
1.007045368403566,1.5084100987171494,2.2121913093846852,-0.06154327388004871
1.0177209792559831,1.5549581697951425,1.1119877138106449,1.2706995850921912
0.9059843705773721,1.5244824533916053,-2.1512296178706696,0.630815849144619
1.0483196000986208,1.785496823782956,1.7682983083967718,0.21991715060593411
0.9744527766356519,1.8560871714898064,0.04168903713194141,-1.3260950590468563
1.060519931656832,2.0982209639480267,-0.23239910650047158,1.6216000997663216
0.9924382017253885,2.1825081007871874,0.45109529658297826,-0.621627174035903
0.9812739220454765,2.305070362864168,-1.0490069225704863,0.933783912872343
0.9354391943431909,2.3612037632098426,0.002782370921578945,-0.3253628783514149
0.961724531709633,2.4476976364357497,1.6204296451040736,0.8375078724832392
1.0211156880832033,2.519632397972549,0.6223968705232881,1.3068740958752738
0.9346042850165313,2.396769374805186,0.058401472102668064,0.6481372699075333
0.9004700225211318,2.280953685351967,0.08960815992760873,0.7558549597599394
0.9571225557169449,2.2186064148248543,-1.1813939832988014,-0.09843898615563221
1.0420002688311214,2.158837616813251,-0.14998789139972546,-0.43396614207281087
1.0890645538513184,2.0497958180684868,-1.6342953356297674,0.13829868978581025
0.9661292166142622,1.7746059303126818,1.0224409523938105,-0.33991450576921695
0.9225585660087954,1.5975656044819753,-2.1857104824753426,2.467203710812492
0.9828435467947951,1.5562566801981013,0.85490037962071,-0.9923582864905137
1.009192775720478,1.5228522483688989,0.9794109008340617,1.002085216590409
1.0288948567549416,1.5305016366764241,1.3187646157271942,0.5171968345390136
1.1067320624003705,1.6451692628032117,0.08685916316180281,0.22987220812393777
1.0113424410990393,1.631880795364995,0.9166284661575291,1.4798860999138403
1.082773081268946,1.8226307252781564,-0.15974664036521616,0.29837745260117915
0.9768537288968175,1.8615457935255972,-1.1866971176879335,-0.6349069197424152
1.0043282907261277,2.045164341657723,1.530732392537995,0.2917303772534079
0.9703558633769822,2.163330642874639,-0.09688582961507466,-0.18317826890522865
0.9659997832941029,2.292186051554997,-1.4095113174731944,0.5032846688166488
0.9868297077566364,2.4142346534100985,-0.46681494578978205,0.8130736316294986
0.985967256232959,2.4726703966109596,-0.4273246825681713,-0.8590879423640695
0.9698012040251126,2.4680660055002814,0.46169691812421204,1.1953361180028157
0.9725373546317849,2.433493299474401,2.347047483372731,-0.2548998448684591
1.0548398127220702,2.4332756887245686,0.5224186132825649,0.4436139226821785
1.10565560784791,2.3644538880788533,0.2068438519965253,0.6170301703206962
0.9750796688646777,2.0888570513027234,2.455776199562555,0.3673886906306303
0.98378022762163,1.9413772653838803,0.9788935399127254,-0.10910851765256904
1.0262304500315254,1.8318060857358367,0.2542492041349285,-0.488597581992664
1.1593516669036485,1.8319753176837805,-0.479411858818095,-0.26899450730334135
1.002536709590731,2.002536709590731,0.31620007620456086,1.565171932528877
1.0962238464487064,2.0962238464487064,-0.06639040409313654,-0.8658664371290591
1.1542979108290798,2.15429791082908,0.09143412755899637,-0.7192433379629661
1.0311932532972368,2.0311932532972365,1.3144024247694728,-0.7631488231437142
1.0824039700122872,2.082403970012287,-0.5403221831374881,0.13575387991766508
1.039644811447342,2.039644811447342,0.5135407081635137,-1.5247054499878059
1.0673216260989398,2.0673216260989395,0.948939989837594,-1.3535598561343933
0.8420271369452961,1.842027136945296,-0.6621125168244095,-0.26095483295925803
0.9435538933944463,1.9435538933944463,-0.822621415489101,-1.2877754452982377
0.9452551487851277,1.9452551487851277,-0.15034192258090356,-1.2062713092828017
0.9142992049404909,1.914299204940491,-0.4616295902564609,-1.2802684093629393
0.9483244901111637,1.9483244901111636,1.152332608741504,-0.8466117091333288
0.8430405531518129,1.843040553151813,-1.0017682785646547,0.7312465066704062
0.644428439460951,1.644428439460951,0.06847136852867004,0.9557079561210825
0.7756255351755834,1.7756255351755834,2.546048333404475,1.9190008932186058
0.5829233534929511,1.582923353492951,0.4130565337861825,1.8823618585134785
0.55337636309857,1.55337636309857,0.5792901443048852,0.7863127098804469
0.5310813665209778,1.531081366520978,1.1606824956971251,1.0276776748010317
0.5091428343234206,1.5091428343234206,-0.4629490654253594,0.13110209068591813
0.3112071915247677,1.3112071915247676,-1.0814196287454039,0.5198648520122691
0.5207229859609167,1.5207229859609166,0.17651127616274478,1.9436030481831703
0.23531845984238461,1.2353184598423845,0.2654038283485373,0.3712128680568303
0.4483300254794347,1.4483300254794347,-1.6182107947131612,1.1532385785452397
0.11812069695915606,1.118120696959156,0.37507191468277773,-0.9343516085785111
0.29719285835327036,1.2971928583532704,1.069850498701039,-0.6662387242582275
0.1038753196114528,1.1038753196114528,-0.9129480730240093,0.31206959779496757
-0.12763034257201192,0.8723696574279881,0.4355558483748133,0.14993167006339106
-0.12316344414474917,0.8768365558552509,0.8922636603701339,-0.6199341874048961
0.05097506496870065,1.0509750649687006,0.5866782085300805,2.407377583931219
-0.0992890636627558,0.9007109363372442,0.6810062387415571,0.17259410391486618
-0.21393887977847184,0.7860611202215282,-0.24480024180630117,-0.44272505218466185
-0.4888387215828114,0.5111612784171886,-1.127504337740596,0.15161882736063023
-0.18824640699627487,0.8117535930037252,-0.44714646238391303,0.025426702611634773
-0.19890716921377383,0.8010928307862262,-0.5860571018706248,0.18780254789108838
-0.2743681574072321,0.7256318425927679,-0.08025904620754583,-1.593717015351033
-0.5601621928179386,0.43983780718206145,1.0932709054599299,1.2919466965668656
-0.5138536996379901,0.4861463003620099,-1.3118401281641687,1.3488294204391502
-0.554232135669759,0.44576786433024096,0.14425002281739083,1.4703207720364857
-0.8051177991052315,0.1948822008947685,-1.0634016455178528,0.3254317585362977
-0.68066981180241,0.31933018819758996,-0.7400469178227713,0.6624810601645157
-0.6351983893338563,0.3648016106661437,0.5587407526118416,-0.8662269480072499
-0.7065028026758904,0.2934971973241096,-1.1899450533656992,0.8328993285973896
-0.931618956381496,0.06838104361850394,0.7342442897029785,0.25178770689393903
-0.94107140346348,0.05892859653652005,-1.352164446624725,-0.46040661563924223
-0.8066775094541143,0.19332249054588568,0.66698040343816,0.8647446916408404
-0.8498760834347119,0.15012391656528812,-1.549531269578512,0.9034490360911002
-1.1623905672191983,-0.1623905672191983,-0.6178126792566155,0.060608835674933005
-1.2027421705756094,-0.2027421705756094,1.8964943831295615,0.4383825801284031
-0.9810594868911567,0.01894051310884326,1.7085463697668863,-1.0317170119335606
-1.044845709116112,-0.044845709116112076,-0.4125246525171453,1.2431834372143582
-1.0242860780716483,-0.024286078071648287,0.3899605860299014,-0.8988131880349017
-1.0402280252706628,-0.040228025270662826,1.204068018884884,-0.7054256480791758
-0.9013887398076172,0.09861126019238275,0.6812961744204711,0.06231564543053688
1.006886411394572,2.006886411394572,-0.2734642464548241,1.1145162842184595
1.0160909910698064,2.0160909910698064,-0.7486353140363331,1.113948633215661
0.8439816524822096,1.8439816524822095,0.8681031429579297,-0.004824621905130248
0.6268206382475819,1.6268206382475818,1.1307033086145013,0.7730133622538113
1.056792583549981,2.056792583549981,1.715701834394388,-1.689058449328896
1.1362324084966142,2.136232408496614,-1.687249423453071,-0.7193199901295528
0.8614808368621923,1.8614808368621922,-1.2531247882010523,-0.6989504394636011
0.8909568579466358,1.8909568579466358,1.1619236021470807,1.2522129097598176
0.8653382652782304,1.8653382652782304,-1.5515305467501768,0.6546541629080077
0.9639831844717524,1.9639831844717524,1.2385499549119328,0.18465277590460072
0.8457701814327081,1.845770181432708,-0.2149325059853921,0.281735063829374
0.7639030597496091,1.7639030597496093,-0.5209138193366847,1.5683392760301245
0.6744540894387366,1.6744540894387367,0.20542859627146925,-0.1701796665065516
0.6268752869921556,1.6268752869921554,-1.3453684522354987,-1.3140673085340397
0.42640583091453077,1.4264058309145309,0.8240148305983517,1.0871951843953045
0.47924780784240434,1.4792478078424043,1.6896369976946968,0.18183903720506076
0.5514145195802382,1.5514145195802382,0.8705762158142415,0.953671678165781
0.38279167262307323,1.3827916726230733,-0.24650869255414082,-0.044764807386507684
0.3523585684441914,1.3523585684441914,-1.538035707765441,-0.8386895237038932
0.1706964424733184,1.1706964424733184,-1.499587456202933,0.4028217210829767
0.27210545500422406,1.2721054550042241,-1.3296433022393077,0.010175070741430444
0.01972482096514394,1.019724820965144,-0.012278277112317357,0.18494228287440923
0.13257844498595417,1.1325784449859542,0.11340006327260466,1.6165704941174162
0.02214770380583191,1.022147703805832,0.8684435107409955,-1.0987024773847005
-0.19633990864740225,0.8036600913525977,-1.7960289864830756,0.2859186604759825
0.022141870728578428,1.0221418707285785,1.3112102303923998,-0.8189966901586768
-0.1636516309664343,0.8363483690335657,0.6944063189453711,-2.590545973120058
-0.023064127525647682,0.9769358724743523,-0.32683629306213485,-0.0489651890222238
-0.12236650940153329,0.8776334905984667,-1.1897615417321001,0.031022936999807037
-0.4181198344255105,0.5818801655744895,1.2491406416911188,0.6235221029507587
-0.46802072645694404,0.531979273543056,-0.300093961237384,-0.21754074858394365
-0.5631844111301196,0.43681558886988037,-0.02001889934442878,-1.4890003551239719
-0.6600074544302359,0.3399925455697641,0.38361197078793213,-0.8224315772548629
-0.596970571879214,0.403029428120786,-0.9131989057816112,1.3169588366867038
-0.46157615529496965,0.5384238447050304,-0.28218057902524896,-0.8366279292906311
-0.8462434354006854,0.15375656459931464,0.86531690202038,1.5832255296925064
-0.6157708900111276,0.3842291099888724,0.764096078496275,1.0499842925713831
-0.6675721004579177,0.3324278995420823,0.7731072066952375,-0.31778060433606964
-0.729433762464041,0.270566237535959,-1.1551797511404318,-0.7290791631026989
-0.748978845124372,0.25102115487562804,-0.23658035072914094,1.0479129691305784
-0.9668597747480574,0.0331402252519426,-0.3963938350478049,-0.24091124509361989
-0.811035090278843,0.18896490972115698,0.42517884227470176,-1.5456501396999585
-0.9693644175992718,0.030635582400728167,0.3356579896488977,0.5623166206232582
-1.18398816310402,-0.1839881631040201,0.15542733074293652,0.4172634478581861
-0.9522482175398514,0.04775178246014855,2.465733955419929,1.137706202714778
-1.05853265367961,-0.058532653679610025,-0.2908060801440377,0.3495949993602971
-0.8505204733624411,0.14947952663755892,-0.4078230860685443,-0.5491469770457174
-1.0234163710991768,-0.023416371099176825,-1.156749670336056,1.269678839602134
1.0022803919962797,1.5119069333862616,-1.5378473259288705,1.3669904326788433
1.019458978807227,1.5229316842370422,-1.2203173772157754,0.23320596398520743
0.986629968105831,1.532648938166057,-0.7186819254432798,0.060321914532972226
0.9948079441285,1.6279002814901347,1.3100730944378527,-1.323271023105105
1.0421787011390171,1.798331229232191,0.03916390436185879,-0.6075263423464762
0.9466839260880016,1.8498135504695425,0.19333066695273338,0.7607696419593537
0.9649093278736199,2.0245172322416956,-0.09627330820209662,-0.5572803003627007
0.9516444472699517,2.161884203904555,0.36530099302178864,-1.4568378693933226
1.0718377336274776,2.4120887293051,1.4020721472178432,3.495877789600099
0.9649150011496085,2.4018049361059703,-1.993930836268036,-1.4634059584266885
0.992835837064146,2.483513927440926,1.2183373155853803,2.2567513964341175
0.9699697659375207,2.4663096093792825,-2.515038452535007,-0.30742344459825993
0.9845911023362607,2.4379109837247084,0.028202711521927642,-0.08456299914380815
0.9631285266761609,2.3289661897270046,2.1919073547444152,-0.6722782721875988
1.023136215682056,2.2656097840408065,0.680657939531544,0.7828371647378921
0.9479574923360052,2.043284814852538,0.37305893532063655,-1.4397742131100844
0.9323774722545002,1.8712087100652726,2.0019459668029733,-1.840329036234172
0.972078981528362,1.7604136535001025,-0.7030628980011439,1.6101715293786063
0.9600882390984233,1.6186867805168355,0.4339674224650475,-0.8039723988069778
0.9331077588095811,1.4954553084706792,0.5781170974738931,0.7460881195396843
0.98383136004984,1.4928534904010873,-0.5224021342270257,-1.085456076896216
0.9169941289721834,1.4208466451447763,-0.4341101794959805,0.7084210428945821
1.0863873813717129,1.6337331315804131,-0.5437794332233397,1.68354649877845
0.9253699317792153,1.5606058862181185,0.08731497400856388,-0.5271213854151164
0.9676850250349626,1.7265877581339284,0.546691605771313,-1.9334411067859811
0.9798222521576545,1.886038925469731,0.1232302729146622,1.688793913309905
1.0842342482302811,2.1469632633204236,0.7094618174298554,0.9262443215248913
0.9134842344787911,2.1265730406650034,-1.9691472859735475,-0.4735712337713081
1.0071025045958784,2.3496510498377643,-0.21825116374283668,-0.21795205326864608
1.0518579232472312,2.4902685608638047,-1.0234193103506461,-1.110652196249686
0.9845128448258698,2.4757856382871823,0.30172251268289835,1.42025693244196
0.9415091483914495,2.4374593660208888,0.2869174286723232,-0.5347156078106451
0.9946007517823471,2.4465848935133585,-0.11562211495745531,-1.4187085375474735
1.076355062994624,2.4400418837811544,0.5102790105320711,0.21364588151247146
0.9692107077616144,2.2089292889060275,0.9978127182640276,-0.8600133615785398
1.0718091734038884,2.164047576805644,-0.06052052230630854,-1.030014575863108
1.0129333456005107,1.9486446979595862,-1.051694888099702,-0.4300992037619455
1.0616257105868125,1.8471155335556588,-1.581257570919481,0.08635531550037072
1.010934154613807,1.6672419102992595,0.03611017533012821,-1.381109755914747
0.9757812154015348,1.536616726110156,0.24186670151354087,1.3851489252123237
1.0819429993186978,1.5903801404208477,-0.969523889519979,0.6771597120657875
1.0112617676402802,1.5155137208415883,0.7257668231630326,-0.36536299077273116
1.008321476790158,1.557011912955642,-0.45895688582457345,-0.9033434862969979
1.0403777815802715,1.677771782200064,-1.6564328651711504,-0.08922545291666428
1.0462076191542768,1.8078700944310515,1.2564363423451892,0.8994350407557219
1.040642823211905,1.9499502552755659,1.1439879192021631,0.7445840271996791
0.9324639023529246,1.9983115467707222,-2.015599436663098,1.058504300451178
0.9681382233962061,2.1840676499028544,-0.5626002816536924,-0.48037749098032195
-1.0525669902000414,-0.05256699020004141,-0.6015836814142763,-2.924925179196677
-1.0730056683750535,-0.07300566837505351,1.6394886594175027,1.247811197916247
-1.0865565130023365,-0.08655651300233647,-0.09929271004165632,-0.16719614307235198
-1.0667451587772996,-0.06674515877729958,-1.4958781980554177,0.666166065471662
-0.9623914917536885,0.037608508246311456,0.8821047822408783,1.669228754640302
-0.9389504619084904,0.06104953809150959,-1.230775545766081,2.4344086332376818
-0.9770514720259028,0.022948527974097188,-0.26034049072176124,-0.6498214781408206
-1.004124544103568,-0.004124544103567995,-0.7697688778808768,0.1339599071656446
-0.8148061366689582,0.18519386333104182,-0.56045509827994,1.3668364606054457
-0.9286137374551907,0.07138626254480929,0.9372580895639391,-0.8442790185229957
-0.7992186061180522,0.20078139388194782,1.5213301613321657,-0.5821115937904281
-0.9197961713408104,0.08020382865918962,-1.2743687463793785,-0.588038578458875
-0.7880178315298767,0.2119821684701233,0.6260764255078172,-0.02809031340802223
-0.6584260403110944,0.3415739596889056,-0.7327536296899959,-0.22012368028997004
-1.0136250394663933,-0.013625039466393263,-0.7016719100240756,-0.5937953222563245
-0.7753894206768396,0.22461057932316042,0.4906362214227146,-0.9657574156062594
-0.6048341432214958,0.39516585677850424,-1.027902765713695,0.8119403283952916
-0.49462774619891375,0.5053722538010863,0.47060260077504473,1.337831020966117
-0.5448632119707445,0.4551367880292555,0.7301133565097351,1.4827147941724148
-0.5072476550231759,0.4927523449768241,-0.4325322616990184,-0.48107355738448426
-0.2961519563567506,0.7038480436432494,1.3270781020136666,0.8537246722572774
-0.27300732710892317,0.7269926728910768,-1.272824612061507,0.23632590272777546
-0.42887833703044265,0.5711216629695574,1.345406190611672,-0.5706713486133254
-0.27064002246189955,0.7293599775381004,-1.943987429485133,0.734218218708196
-0.1854089321080107,0.8145910678919893,2.6997141404195095,-0.6166050540454969
0.012165009613816585,1.0121650096138166,-0.4062022386218326,-0.37617660278168846
-0.010725466764024888,0.9892745332359751,-1.1623071563876177,-1.3767297025036298
-0.04494282280198124,0.9550571771980187,-0.23267190851999858,-0.4642210974332259
0.05030629096347561,1.0503062909634755,-1.0464779426244284,0.25386120901458487
-0.0973173262367526,0.9026826737632474,0.38696529885454223,1.5689344956774955
0.25034590035894727,1.2503459003589472,1.3676573314701472,-0.35349544620168666
0.2798614196174122,1.2798614196174123,-0.9934562260566775,-1.0381691470869339
0.3974575277015822,1.3974575277015822,0.5793992391740034,1.497368970934125
0.32169831471476223,1.3216983147147623,-1.5327353688957595,-0.5045524370842177
0.4074396096052856,1.4074396096052855,1.0329547332286124,-1.748381656140865
0.4034733614489186,1.4034733614489185,0.41623636692759547,0.13309373513678405
0.39198754335269503,1.3919875433526951,1.0761833213303202,-0.3247734732791751
0.499749165849375,1.4997491658493751,-0.12234690264110538,2.3003956426851713
0.4290121035924278,1.4290121035924277,-0.4351565978547518,0.4753660343472122
0.7509541250953027,1.7509541250953027,0.8161174360573329,-0.14634235365483608
0.4879488168806422,1.487948816880642,-1.3080485215584186,-0.9244972092556034
0.9518052009309094,1.9518052009309095,-1.7428243317335752,0.33016684119296735
0.6123718775026206,1.6123718775026206,-0.0049619840400380874,1.4567099500617942
0.9758478485310608,1.9758478485310609,-0.38959660685879244,0.3118141834772605
0.7688621758236999,1.7688621758237,0.553833331781546,-0.8474296921179458
0.9461799775690108,1.946179977569011,1.091551424313997,0.538806211751954
0.8417213317633256,1.8417213317633256,0.533014079151139,-0.0486068948728155
1.1076040566488967,2.1076040566488965,1.0119033118267453,0.4486131033181622
-0.9554041275447605,0.04459587245523955,0.32105233333216393,-0.3548073501842204
-0.8681559712719625,0.13184402872803747,0.4945957483210984,-0.378295274261212
-0.9798114894671499,0.02018851053285009,-0.11665720983227088,-0.4177797974317798
-0.9601077329801221,0.039892267019877914,0.46504546101518207,0.9422381514973616
-0.9378442324270944,0.06215576757290564,0.16665282856351338,-0.3682252752410914
-1.0524261737717344,-0.05242617377173442,0.3251767965290638,-0.45973073137422704
-1.1237290845303636,-0.12372908453036358,-0.1667240330868389,-0.9420659015623665
-1.1180690595143787,-0.11806905951437874,0.8089292004712981,0.4540138017167675
-0.9711265940608148,0.028873405939185193,-0.7104525498349515,0.31170180213121856
-1.00951661096113,-0.00951661096112999,-0.018349020904106537,-0.44876822448863096
-1.1558811815144983,-0.15588118151449826,1.3117839002075757,-0.7093787075578609
-0.8669219818011253,0.13307801819887466,-0.9487218229211253,1.876173413227712
-1.0133546368269433,-0.013354636826943267,-2.161845461752631,-1.880443055124838
-0.9773023304661637,0.02269766953383634,0.36645716629797204,0.49317200320172117
-0.831790742031426,0.168209257968574,-0.2569544903534993,1.2914035482160082
-0.8807252047224873,0.11927479527751272,1.0108622403718392,-3.3868137614883
-0.7384217554187745,0.26157824458122547,-0.13051507989699376,0.7941400600761793
-0.5103163897262505,0.4896836102737495,-0.6043390715633118,-0.2202546014960882
-0.6997600044481017,0.3002399955518983,-0.07581739581821335,0.2560548642832593
-0.7193866488883279,0.28061335111167207,1.0930685866132108,-0.32323796452209
-0.5444267604557098,0.4555732395442902,0.5753696271923753,1.075393445646077
-0.5870246796506454,0.4129753203493546,-2.4339022565480346,0.3631193416713573
-0.4520355982451058,0.5479644017548941,0.18576749208677126,0.1317198895343158
-0.36595945241579175,0.6340405475842082,0.23576213240140492,-0.8988606069585929
-0.34258306434092584,0.6574169356590742,-0.01824996520051934,1.8822922338341885
-0.27360698833391506,0.7263930116660849,-0.6108898915685892,0.009931019733270987
-0.19914902818138527,0.8008509718186148,1.1945318745064444,2.289805797460459
0.0031215081235191344,1.0031215081235192,1.2440339481348617,1.927569385178195
-0.11949416673832954,0.8805058332616704,-2.203160460825862,-1.7783509672653808
-0.018698750252314864,0.9813012497476852,-0.7979594777414443,-0.6549459608026902
0.11812709725333218,1.1181270972533321,-0.14473065128572005,-1.0369510059749418
0.14130591946942617,1.1413059194694262,0.9485082037166699,-0.04820608148706246
0.1207688440794781,1.120768844079478,0.034852876391766284,0.18716402048616199
0.3085444099464296,1.3085444099464296,-0.6835938001649233,0.22992646789343035
0.19213819518133318,1.1921381951813332,0.7095335773073748,1.0541286760189787
0.31638842776484927,1.3163884277648492,-0.21133608555099248,1.4935827693088695
0.32041439603346616,1.3204143960334662,-0.11740085915495976,0.9674877492386388
0.5120282063919853,1.5120282063919852,-0.0271584334040762,-0.5609352142237467
0.6284614784123463,1.6284614784123463,0.5743084408384841,-0.7820238651074395
0.5849110740880714,1.5849110740880714,-0.3085496016737873,0.00276183588393645
0.620955328859577,1.620955328859577,0.6869464926472221,0.4261195264046615
0.5743533730840601,1.57435337308406,-0.07306896840707273,-0.18319134571712223
0.6374073671744855,1.6374073671744855,-1.067016586417876,-1.3454848362522223
0.6313462936888775,1.6313462936888774,-0.03677630569544812,0.6820595085768006
0.573045499987874,1.573045499987874,-1.015213403145215,-0.39231476873390336
0.9804482999384754,1.4869912524118933,0.04098678977594188,-0.42251273442204323
0.9850947365323517,1.540775303206174,0.8294739292314663,-0.05461267405809275
1.1086421147686654,1.7570397752283133,-1.0736290060021147,-0.23989891708016095
1.0781406783104055,1.853741088210174,0.36427340580443873,-0.3665010555121015
1.0277820119816767,1.9525946010746933,-0.8290374583532079,-1.2801253069331895
1.1042238615270783,2.18562311760961,0.20170055991654703,-0.11224746695165881
1.0695451748092637,2.2995473435085674,0.8602042420204842,0.7029537919068678
0.8996215989318613,2.2556677416473625,-2.1295130741100414,0.264644005121289
1.0533728086117375,2.50054141517725,-1.1144758268713455,0.9481214391006447
1.0355727132597414,2.5300048531414587,-0.3689794451099221,-0.7285450223200068
0.9855311026433654,2.4787321709912233,0.31504048918161526,-1.2780584791178016
0.9292398740241242,2.372836011228428,-0.1663833293583238,-0.2458499789779966
1.0297700567855212,2.3802527251693335,-0.045880781980918925,-0.614236618548697
0.8960436138512752,2.1190369766938177,2.0429845253512564,-0.510334983207748
0.998926251881267,2.072558804191357,-1.2124572788492276,0.21174971808112725
0.9691454795856562,1.8861952363013053,1.1354850163627703,-0.5030805391046554
0.9370578979223902,1.7056607364387464,-0.3499781271544168,-1.2500684892063942
1.0594400503826102,1.7022917321691147,0.5494747924987342,-0.5589947278819981
0.9979345784709613,1.5500647166283368,2.1289465557455998,0.3400593668608015
1.0086983164584784,1.5140346216317329,0.688678023685426,0.6714806010069174
1.0453935973621213,1.5524533856384222,0.3724957097899999,0.661422784083347
0.9995604721848322,1.5566920179865638,1.5991223351493755,0.4244730942479096
1.022570559932375,1.6732110287561952,1.1247986445931917,-0.16809346596524435
1.0407925810244545,1.819207650702383,-0.7993940761614355,0.4049140989591295
1.0283377963459412,1.9562608308119382,0.2945247424538556,-0.042335658198237126
1.014299008309414,2.0987994184703282,-1.7174957341407595,0.1130961378202375
1.089155641768753,2.321945507665722,-0.5401533883742511,-0.9393267378659398
1.0620985299004928,2.4203454916418767,0.3140529675998594,0.0438749637607155
0.9957118415383583,2.44427852950951,-0.6021053527812588,0.3786662342514116
0.9545153524925774,2.4494057103544695,0.2733667459719246,0.3411273134397087
1.0319311824918822,2.5246056627256928,-0.01338461565303896,-1.2875190260592986
1.0107930324094503,2.452929423913845,0.5364167323950428,0.09626077640338242
1.0854497831594416,2.4336827221840522,-0.4241990220281109,-1.4438895774639133
1.049374650285036,2.2695489567523577,-0.9401489144367132,0.17367664613852624
1.0382102194000955,2.1087308853625553,1.478126826173261,-0.701337191602714
1.0006475768977048,1.9145978355156346,-0.4956967426899445,1.705642942525445
0.9562150629166378,1.7220347947503085,0.6600105931171182,0.11924332929589004
0.9901018515649342,1.6307597891306758,1.435247026472536,0.8011640198239227
1.0238414047162054,1.5745823266562788,0.16266999899753198,2.11087263702428
0.9135209953495427,1.4184088686039438,-0.8563065694431494,-0.817401811088721
1.0620856979826172,1.5696818214765103,-0.17860997454734448,0.4356749109059113
1.103352200087569,1.6619522437252576,1.017540916606753,-1.1859110092328462
0.9027530354814626,1.5556501324110987,0.20624754573786294,0.34489700824991926
0.9299892224493232,1.711227717220855,-1.2051417922042769,1.765709266450403
1.011483123211657,1.942519454225326,0.5966438335337123,-0.6278832144417893
0.9708709542182533,2.058469175844169,0.7695314690509986,-0.8859543132945961
0.6902990041887798,1.6902990041887798,-0.3553118861179337,-0.09117423351856317
0.7027134886386812,1.7027134886386812,0.6102443756047459,2.0458172880882857
0.6503643865490486,1.6503643865490485,0.24501859546046723,0.771038919953255
0.9214755247595312,1.9214755247595312,-0.1974295386420392,-0.9049146520560105
0.8758407720493637,1.8758407720493637,-1.2935357435936636,1.455060582481769
0.8068893608131025,1.8068893608131025,1.0779538951057577,-1.6550629923331868
1.0434283696156479,2.043428369615648,0.7592109999198332,2.136559128802725
0.8686165359008294,1.8686165359008293,0.5838862943753126,0.856450680015159
0.8181684098637636,1.8181684098637636,1.5445260036780937,1.763557440006718
0.9798724925558988,1.9798724925558988,0.9451937270135937,-1.6477981083840352
1.0122036376837582,2.012203637683758,0.6865660061515626,0.1694418308596864
1.0415830798553563,2.0415830798553563,-2.213227348026831,-0.13388892656571572
1.0656214787043528,2.0656214787043528,1.1968949518024157,-1.006979473446641
1.0512552405199989,2.051255240519999,0.08308051428205071,-1.2960236202513922
1.0468955006068983,2.0468955006068983,0.31249168025713864,0.5070812587595488
0.93772226541945,1.93772226541945,0.3193331896933858,0.597731708113624
0.9188396675961047,1.9188396675961048,0.7738327436422795,1.2999740467257528
1.0490643383004468,2.0490643383004468,1.1221750288016852,-0.5034210533268308
0.9832323457946405,1.9832323457946406,0.6342411430592223,-0.14160981015580998
1.0211782515683943,2.0211782515683945,0.4752855893198915,-1.3824599249460918
0.7449791129374115,1.7449791129374115,0.23151273929557145,1.540785811994749
0.8385602284105972,1.8385602284105973,-3.351610516904678,0.0695480877572431
1.0487587210467455,2.0487587210467453,-0.2875910194501882,0.7225885016201056
0.8793349713381087,1.8793349713381087,-0.9415895173506456,0.7579053961110119
0.8164027404695074,1.8164027404695076,1.2107395389390851,1.459107157301978
0.8172946250250238,1.8172946250250237,0.6190371982862937,-0.8313994672674534
0.9240497316673038,1.9240497316673038,-0.45813698721373425,0.6975866003471783
0.8569313394978955,1.8569313394978955,-0.35771718226924426,-0.025008706309041482
0.45049744526295876,1.4504974452629589,-0.3939813633024213,2.1056770663406312
0.43631646035470895,1.436316460354709,-0.4118261543189197,-0.8343641789960169
0.3427384902362518,1.3427384902362518,-1.4445574435247972,1.1714263477638722
0.37408839130643884,1.3740883913064388,-1.6612794932777677,0.35034177922839693
0.39723598258562887,1.3972359825856289,0.029046772381743993,0.29785609420602127
0.3573413091488393,1.3573413091488393,1.0753141393593546,0.054020726047489774
0.12017027928974564,1.1201702792897457,-0.5376896974278628,1.3466658228367874
0.025480903545598094,1.025480903545598,0.30344475092404516,0.2638517010739347
0.07389568311839578,1.073895683118396,0.7342609171767251,-1.524415338120977
0.1795560349715305,1.1795560349715304,-0.9933782055838566,1.219503568712245
0.1341915365587435,1.1341915365587436,-0.019975428719903078,1.036201832131722
0.1328545932550575,1.1328545932550576,-0.666520481273515,0.5871376842128475
-0.10369486294467734,0.8963051370553227,1.6061194918312938,-1.1284736297475466
-0.0799831631260788,0.9200168368739212,1.5624595068621143,-0.9731153602213203
-0.12350191253260565,0.8764980874673943,-0.9923428398748506,-1.877442885236109
-0.3349824693413081,0.6650175306586918,0.3858843830843258,0.4603298731798137
-0.3061890456415373,0.6938109543584627,1.0675993008124904,-1.3495488481743696
-0.3374158099130032,0.6625841900869969,0.84832950037633,-1.7187508928621646
0.36908857569009335,1.3690885756900935,0.08156303498436555,1.2749891193000438
0.6791129073515554,1.6791129073515554,1.3065574617643476,0.768179564462847
0.5638848578227011,1.5638848578227011,-0.9045146889894328,-0.33317166483092703
0.627087204730882,1.627087204730882,-0.30309294439469225,-0.13404658325719543
0.5718217751881567,1.5718217751881567,-0.877642419759575,-2.407344206983942
0.6341496658432673,1.6341496658432673,0.7824934947006217,0.9167449190592203
0.5351612674775962,1.535161267477596,-0.5826368742994515,-0.6927314644886842
0.8000638915543014,1.8000638915543012,-0.17124917543708565,0.33029086313314077
1.0817108032798899,2.08171080327989,0.6176703682657487,-2.488562261791484
0.7625868106494138,1.7625868106494138,0.698249913777816,0.9775680321615458
1.1919569059465243,2.1919569059465243,-0.9071263462552507,-0.7528447693857241
1.062114189314103,2.0621141893141033,1.0566552837727923,-1.3760422637893543
0.8960412201738681,1.8960412201738681,0.4556896686672513,-0.33960163448836717
0.9651069797185207,1.9651069797185206,-1.0817028395804014,-0.596395217935485
0.9640452081561913,1.9640452081561914,-1.3277158957566129,1.0742676129098663
1.1594806771032067,2.1594806771032067,-0.015819710262067736,-0.4203951223616271
1.0479644837103501,2.0479644837103503,0.8500939893168088,1.3626170266133677
1.1179192791325698,2.11791927913257,0.8757158624009802,0.33014261578907306
1.0350446767322143,2.0350446767322143,0.3561668772248425,0.8943678872123748
0.9835844674231242,1.9835844674231242,0.04867483832682586,-0.002166453227886297
1.0190444732027863,2.0190444732027863,0.5117376690790052,1.2720589823398831
0.9334274570515293,1.9334274570515293,-0.8553305143892584,-1.153623990282676
0.8127691079683994,1.8127691079683994,1.6869878630253914,0.11362445749432701
1.0194376844918325,2.0194376844918325,1.6739384181225205,-0.39643582943141487
0.7643221546108601,1.76432215461086,0.4288123146206977,1.3966284795073118
0.860308856729088,1.860308856729088,0.197300419992852,1.4990344046594257
0.8124511671318073,1.8124511671318073,-0.4114209726593703,0.0004212592371184664
0.8866315747042177,1.8866315747042177,0.5287488457996609,-1.2915111010958051
0.9413735003797606,1.9413735003797608,-0.6913173710167768,0.42709731679166757
0.8649031106184946,1.8649031106184946,-2.2236120309955307,-1.6646097350337665
0.7682078386571097,1.7682078386571098,-2.7141073004910865,1.6261427987831114
0.5917655338776622,1.5917655338776622,-0.7994983331634866,-0.4731700706360385
0.5876039609039042,1.587603960903904,0.15637812291827763,-0.030570163417495192
0.5218254836785403,1.5218254836785403,0.33197173395348273,-0.6809510758067541
0.4543329479146633,1.4543329479146632,-0.48675700850928494,-0.9017815867008206
0.40574161482239673,1.4057416148223967,0.1418351671429033,0.7372913165470523
0.34593492508462925,1.3459349250846293,-0.274228357054531,-0.1586166770513216
0.28283043113079087,1.2828304311307908,-0.9993127576501374,0.042482538923175224
0.36538002268664416,1.3653800226866442,-0.05374450896912518,-1.0038910792188394
0.10367824405096093,1.103678244050961,0.8129571123656494,0.8560592234970398
0.07431769438976392,1.0743176943897639,-0.9540617477463222,0.9577897351368669
-0.07353474762844023,0.9264652523715597,-0.953604613019698,-0.20892848687957735
0.16355966417731727,1.1635596641773174,-1.0692505939521582,1.2679221333318873
-0.12052049530646247,0.8794795046935375,-1.9365187345081158,-0.10412415422452258
-0.03751264066002155,0.9624873593399784,-0.4802023741470187,0.7797554962888209
-0.11836860054747603,0.881631399452524,0.714086112952531,-1.6229275808300976
-0.09567090276700269,0.9043290972329974,0.1739160838337627,0.35343086648641237
-0.3093108601097258,0.6906891398902741,-0.16925088405630662,-0.2714814676069348
-0.4426774914228736,0.5573225085771264,0.1290647982401689,0.15552242595499616
-0.5617369881416311,0.4382630118583689,-0.48898148742915815,0.11068240565582617
0.860768217760895,1.5251526080904294,-1.9478866372634722,0.12569982217698403
1.0080676612939452,1.8035508403235676,0.7837187818145658,0.6157007293625533
1.0387736286244458,1.9854148959387465,1.071124573784651,-0.5651736316059788
1.0235844052598921,2.126617260965732,-0.7281567760677871,0.5690792595356432
0.9235117848413597,2.1728306204618373,-0.1508356206065558,1.2325248831179065
1.0519413072555965,2.4230925781283963,-0.23699917106016016,-1.4101410049803234
0.9650891985842324,2.421669862170721,0.35128880942454155,-0.7805400982293256
0.9546548252929123,2.4518828031705486,1.6898934566262898,-0.7385354255011861
0.9639683882348408,2.4530748558014466,1.1597912452893056,-1.0920457994509594
1.003920446125304,2.4369331480175274,-0.376914225413896,-0.4746977696370589
0.9257649214241463,2.260213358296323,0.542463861500237,1.0331185153998403
0.998148204314044,2.201229199591289,1.2543568685727127,1.4475869245124284
1.0214724122691834,2.073267494185299,0.408345164394778,0.10617496974650213
1.0553661948121809,1.9507952283434076,-0.004699404440172449,-0.3242360108482005
1.0087978328610623,1.7581172865672812,0.4460000946671858,0.8029239690806602
0.9330185750903104,1.5608155521461087,-0.7032715225634733,-2.36396849425218
1.0074445113826112,1.5502252116600332,-0.557281124104081,-1.0551784721031583
0.946987086302694,1.4495962265614026,-1.0640342352010974,-2.3216304066999154
0.9441027421816525,1.4553251227078068,0.3070645165702432,-1.0656997173554419
0.9318648198230011,1.4996404420930691,-0.13140290602223817,-0.7670175269020002
0.9044373160052988,1.5711593594141027,-0.8231180613480796,1.4776818779376781
0.9716418416032302,1.7699986803612267,-0.16417941162050506,-2.7610619661559896
1.0564444371523454,2.0062135182262613,0.46999826076317,-0.4167026002343339
1.1128242007713771,2.2189322438626164,1.914712305997992,0.6195664721781072
0.9713207420829952,2.2233605199786566,1.0120678647038581,0.4107306632690933
1.0543052763384828,2.4275563705024985,-2.28414785748234,1.4617381335348938
0.9802708840881702,2.438124298338248,0.2393084668203457,0.16105147859658853
0.9174632140275719,2.415012036752703,1.4293242627128546,0.37427818048114503
1.0350471130723038,2.523491050753054,-1.3378734912102326,-1.8385068318025504
1.0117407043397784,2.4431724834827455,0.5515592702124238,-0.9882688581768089
1.0909009803980558,2.423005160800876,-0.23664218553104593,-1.7827047434480237
0.9232660759008622,2.123469408984768,1.1502905309161608,0.5726081079140996
1.139801635416764,2.18846789460092,0.40425719501345225,0.34869045175724583
1.0795858661594078,1.9719417957868817,-0.8840154545592064,0.31353796728351535
0.9991038213219073,1.7457073043377758,-0.20085147829061958,-0.8814336084580743
0.9850681104100741,1.6107726362425923,-0.14169567604762318,-0.9729497793166654
0.9642095065565691,1.505726505658565,-0.12317821481004927,0.20944693229641737
1.0054866319593896,1.5077847666923854,1.119262944775263,-0.6693860527711348
0.990803192229551,1.5026977667423347,-0.8426199213902301,-1.0204045638322368
1.0256897706790307,1.5950548567094114,1.0030513096611837,-0.5083893712580683
0.9852816669490847,1.6543545470341339,-0.30224967592152013,-0.6607420360353083
1.0707481845748332,1.8719866595328687,0.22351110632916493,-0.8667229746284533
1.0062523015583222,1.9591511833945001,0.07237758628103405,-1.225767816757602
0.9871591486037133,2.096338181726027,-0.02180533808183465,0.4486897683389067
1.0512143290889695,2.3059650792308974,-0.01360283444532232,1.556049439477057
0.9188738184901124,2.294209971116477,1.457358558271021,-0.039004200618653756
1.0170494176138567,2.4761574710539893,0.8424499249061446,0.2224341369699279
1.0012785668204718,2.4991285526738882,-0.3627156895799299,0.5363778526017037
0.9294574734797109,2.4172195597206327,1.5827872541220913,0.36656575719312195
0.9145748360215746,2.3444086261119534,0.2746810739928528,-0.8469123283169792
-0.3645452314997974,0.6354547685002025,0.3576242593238943,1.7198462111025852
-0.42400564294650506,0.5759943570534949,-0.8373190793313915,-0.7573105136779609
-0.5556764116785772,0.4443235883214228,-0.49749865840514007,0.6480883646604091
-0.45164839029274106,0.5483516097072589,-0.6885035079271756,0.5301913073429116
-0.6271344011547706,0.3728655988452294,0.08607286499367499,-1.9584415421346377
-0.5915133915416595,0.4084866084583405,0.6387830794482092,-0.35884641691291935
-0.7168908327496328,0.28310916725036717,0.3672322994222134,0.05662845181217025
-0.8259324952346039,0.17406750476539612,1.5880441560695817,0.13315121142428596
-0.9403758733911488,0.05962412660885119,-0.8877580052112352,0.301420515516767
-0.9279371131578735,0.07206288684212647,0.11486904353888214,0.7576628729399759
-0.9228456030670342,0.07715439693296577,-1.2829393292982947,-0.007515364270778083
-0.7868102889836391,0.21318971101636086,-0.9218709716032621,0.354617568017944
-0.8684754167408961,0.13152458325910388,1.2645783773384636,-0.044954586772383044
-0.9310384399918875,0.06896156000811249,-0.4631648664714657,-1.0173336567547735
-0.8918599666574537,0.1081400333425463,-0.803363796060271,0.03240144136967392
-0.9370423441545346,0.06295765584546542,-2.129976875582947,0.7490898442530696
-0.970592679046351,0.029407320953648952,-0.8133546477889175,1.108788382475365
-1.1497163671089958,-0.14971636710899583,-0.20528027419497888,0.5373156575442041
-0.88504480247266,0.11495519752733996,-1.357402959786211,1.3343503259492993
-1.0399715422425873,-0.039971542242587255,-0.26278338898246867,0.41886474740898055
-0.876494932705363,0.12350506729463695,1.2706310606582234,0.8638798216688371
-0.8541600255520715,0.1458399744479285,-0.7073053403283327,0.937391149279786
-1.023170654094787,-0.023170654094786913,-0.9433830493699357,-0.2233505408837356
-0.8408996974942209,0.1591003025057791,-1.123901466865093,0.7260034325676684
-0.9479737722406251,0.05202622775937493,-1.1417640925158001,-0.9406448976409142
-0.9197760157734532,0.08022398422654675,0.535577446888429,0.34981234254886373
-0.8274264097351283,0.17257359026487173,0.048668736883050644,0.5770258266684529
-0.7902535954488773,0.2097464045511227,0.9568568792755741,1.0510951206993302
-0.7771353161108292,0.2228646838891708,2.019837891654255,0.8207593039813063
-0.8736204982575422,0.12637950174245782,-1.830391131909148,1.0641141833347134
-0.708610541997661,0.29138945800233895,0.3800787084417732,-0.09938033012642304
-0.42213805023480855,0.5778619497651915,-1.1186193344335598,-0.3453931546700472
-0.8793360570433304,0.1206639429566696,0.7888992980334508,-0.2748987578856162
-0.46253493404796675,0.5374650659520332,-0.27191200107343627,0.2662837304486303
-0.39019682534876327,0.6098031746512367,0.027322760864173432,-1.8087470156422523
-0.576183384863242,0.42381661513675795,-1.283177427929808,1.3317569703945535
-0.42999046394412627,0.5700095360558737,-0.42642702511316743,0.0438733598289749
-0.42430151127871235,0.5756984887212877,0.08966225110825957,-0.41500158233511925
-0.07873433158542148,0.9212656684145786,1.3560781468067082,-2.5297162106054607
-0.09268492534898916,0.9073150746510108,-0.7945605274085543,-0.036813506178282614
-0.025898794478448228,0.9741012055215518,-0.550691571530313,-0.19847651507575567
-0.06647274896619525,0.9335272510338047,0.9442896421822814,-0.897046430645255
0.11548615591791514,1.1154861559179152,-0.8593402836993107,-0.6730468451270122
0.04632991264609376,1.0463299126460939,1.1423851439741257,-0.026636644445163456
0.24575947426354872,1.2457594742635487,-0.009086574726255944,-0.588236459587683
0.157229840352944,1.157229840352944,0.30312296159184327,0.5718780661783558
0.1657505042929026,1.1657505042929026,0.3675223025093705,-0.7487835886440163
0.47542088195247423,1.4754208819524743,-0.6162205534066079,0.1546084295207779
0.35172824305982037,1.3517282430598203,0.3898868194723952,1.18004536881117
0.32202125741973897,1.322021257419739,-0.7723697843143003,-0.036595862562551394
-0.5593239260816543,0.44067607391834573,-0.5021030040988799,0.35597712395974557
-0.6136255855177006,0.38637441448229937,0.5586909660332754,0.2926513874005982
-0.4910626176669508,0.5089373823330492,0.293393955641903,0.00799689961726585
-0.635656464556323,0.36434353544367704,-0.07496495083904774,-0.06700714194351028
-0.4437630292871563,0.5562369707128437,-1.2587316492630107,-0.5713742214499119
-0.6000663066361229,0.3999336933638771,-1.00915828934963,0.15101229055781942
-0.7352535126522654,0.26474648734773465,0.2767090439049846,-0.28326750883946716
-0.6598515685342015,0.34014843146579854,0.732140563485116,1.546090168234707
-0.8859015426127208,0.1140984573872792,-1.1096455045207572,0.8111432591099114
-1.0546315720179282,-0.05463157201792823,-0.8398252474521676,-1.452795895888346
-0.9974764618773387,0.002523538122661262,0.13418517417771947,-1.3971579982180775
-0.9096093966403476,0.09039060335965243,0.11278786262909331,-0.13045986903936505
-0.9687411369519651,0.031258863048034935,-1.6239572087610412,-0.39530547743974637
-0.882459429868991,0.11754057013100905,0.16156301343998902,-0.18319391822192532
-0.9919606775154628,0.008039322484537204,-0.5983678102302188,0.6511614606523132
-0.9154207808950251,0.0845792191049749,1.641046629728958,0.3157358988773569
-0.846936256722261,0.15306374327773897,0.24919854273565617,0.3056292304581544
-1.0126694568278258,-0.012669456827825831,0.4214734498759029,1.4461946654953937
-0.9432977453561575,0.05670225464384249,0.4473593021906108,-1.3888915541730793
-1.1692536120629482,-0.1692536120629482,-1.2139273806525643,0.10393883414889918
-0.9971971508862653,0.00280284911373474,1.9438768931086035,-0.579052547947254
-1.0951420220268366,-0.09514202202683664,-1.6229112474511733,1.435435785839352
-0.9407184798853541,0.059281520114645936,0.7957031416997422,-2.209351605823344
-0.9111586809994188,0.08884131900058123,0.6186639374806492,-2.1654815857130014
-0.8873120678006583,0.1126879321993417,-0.47700237991295996,0.3046362963480508
-0.9308121717042529,0.0691878282957471,0.6664503167133892,1.126296559324147
-0.6216822515598301,0.37831774844016985,-0.3175731988237379,0.7732543213170501
-0.9436931883572164,0.056306811642783616,-0.6754614448557782,-0.8009807933177084
-0.9119371682996448,0.08806283170035523,0.46955916935292735,1.5064217220015799
-0.5725756940586846,0.4274243059413154,-1.006560991087902,-1.2314687485942084
-0.7646337191997133,0.23536628080028665,-0.22425515875756974,1.3074841895433447
-0.742061950391041,0.25793804960895905,-0.5941767487299575,-1.0992282503581436
-0.36812789661862205,0.6318721033813779,-0.3359795095729449,-0.3518241723372218
-0.4483066038112744,0.5516933961887256,0.4327285991301843,0.6392695378569174
-0.5526225167133028,0.44737748328669724,-0.5943663723462062,-1.466207830896165
-0.4157722198875509,0.5842277801124491,-0.19232391307236457,1.4690233975407674
-0.18555266964083386,0.8144473303591662,-0.5031452519015814,-0.35794383140131436
-0.2520912755890588,0.7479087244109413,1.4439966655745458,0.13727613567828928
-0.13248166490144872,0.8675183350985513,0.3426123982138901,1.1622007890407522
-0.11942686735143185,0.8805731326485682,0.22006963296671936,-0.7931253451671499
-0.04490200337730327,0.9550979966226967,0.683418504623424,1.0608136862553892
-0.07142789499136573,0.9285721050086343,-0.5941345767748866,1.6405335708923698
-0.01144376994112191,0.988556230058878,0.8592572249998405,-0.655578997329579
0.07699960889820577,1.0769996088982057,0.34617774583274147,1.3693876725962943
0.18641415217409413,1.186414152174094,-1.5608909027540654,-1.760578594241603
0.146864911668603,1.146864911668603,-1.4280308331007647,0.389600394794567
0.2489366037419727,1.2489366037419727,-0.5722970527840657,-1.2285985157038086
0.2662952750715703,1.2662952750715704,-1.3210064958651702,0.9425685485361891
0.3683211706136785,1.3683211706136784,-0.23827846069958317,0.8604560484222035
0.28966514800722,1.28966514800722,-1.013737991415864,2.0773799955912433
0.7317344557789648,1.7317344557789647,-0.09772305307091878,1.4212829829524993
0.45235154075342576,1.4523515407534258,1.4117093759314558,-0.16577119760145495
0.5419296870244239,1.541929687024424,-0.049376903556185035,-1.0817474872988404
0.5462935579401562,1.5462935579401562,-0.30296445490192875,0.56568707966939
0.7374508482791305,1.7374508482791304,0.3882426477853441,-0.0607314103854932
0.7012669558003475,1.7012669558003475,-0.6964197929226035,1.5511550445957039
0.9518096244951391,1.4861269797652128,0.8434143093959997,-2.1663808434157783
1.032844168311217,1.5336900891755842,0.49521295312411195,2.188056759288627
1.0395824573961396,1.5559146831974866,0.03886556204856375,0.5319906076118036
0.9966561837761366,1.575913535126102,0.15431583163358636,-0.8130121217203724
0.9668187024308962,1.6502682144674603,2.041745910562852,0.7339892274185661
1.1095533002779858,1.9282426933871346,0.942312210267868,1.2974214212897037
1.0170033815262616,1.9887158569343604,2.199526631161334,0.11434689130368872
0.9362965507523338,2.06380658895247,0.5320301932924523,-1.7649203841448429
1.0707020230501385,2.3415032588242286,-1.4716914426706882,-0.29384703634710596
0.9572112625293714,2.344743126969159,-0.26217370286384084,1.039395053042138
1.137093917013496,2.6033467357533473,-1.7002048745480662,0.49666473422737467
1.0039828928763794,2.5032259288116396,0.5283030346669183,-0.15650703083537273
1.0506658018027677,2.53393259058179,0.7454041973454018,1.3083158308914355
0.895999121957655,2.3158901721869367,-0.8859159959592792,0.7393058408322967
0.9357929557955018,2.251124758316787,-0.6556363796468532,0.8163391559383438
1.0666929809880357,2.246537345810325,0.14875089623521523,-0.41063469198080127
1.015890753281457,2.042608290277995,-1.198104063264218,-0.5073836817460986
1.1021198211357037,1.9730900364212742,-1.273159769242533,-1.6999597206830213
1.0242587552614795,1.7521370729456989,1.2386320480411208,-0.25939175593725616
1.007264811987052,1.6187413122459056,0.11471061816396835,0.935392053798128
1.0856786995411103,1.618860317735691,-0.5581093577059559,-0.2040932970155869
1.0505068499612722,1.5511797944230454,-1.6921188885572191,0.4455388465290052
0.9901869400361856,1.507325915878505,0.8523513568944722,1.1111993566532803
0.9452947949750776,1.5262594956224498,-0.6845182122169692,0.3728329917986322
0.8814192167617253,1.567309218113894,1.8606844458705387,0.4705147617608019
0.9781167165098648,1.799740372302723,0.8593100976934448,-1.3578224620375543
0.9406832452389314,1.9155359600572344,-0.808141854407269,-0.32256478410197714
1.1298852321617192,2.2604334873677354,-0.7154716971314717,1.726626506496595
0.9674814527964987,2.2409208905433,1.7218511629443316,0.10379718109609347
0.9661145497187478,2.355625842510493,-0.08425944683450466,1.8967381819965747
0.9239377562705677,2.391317084604138,-0.5133112283233697,-0.7231156306389472
0.9866841335738649,2.486090270687499,0.02772168847657001,0.23394745213453977
0.9667732535178893,2.449223737865263,-0.5179126500537902,-0.38267843755186814
1.086886471437223,2.505061875920113,0.24104847710816502,0.5919846851245532
1.0084238079707493,2.321308896396666,-0.07582362151826307,0.8950086680601209
0.9995567988671811,2.1764633584303805,0.8755079805115086,0.6024660957009005
0.9932663622958701,2.016843146972041,-0.3885741032391265,1.0418521437480288
1.03930874600946,1.9072433113511613,-0.8848163666896469,-0.013172988522326835
0.9773835917182749,1.702629102682888,-0.3489846966235856,-0.19052836766367762
1.033360304676592,1.6428650708536368,-0.35508389822404607,-1.7581930072759717
1.0806984910363722,1.6127628382594634,-0.07753381519399347,0.6384509351645649
1.0230037505149823,1.523523470635569,0.6345402880572247,0.17218409224015727
0.9875134358587433,1.5054782624506622,0.5799089674719204,-0.06791473756253315
0.9523270414514049,1.5350156673274924,1.1996586758585681,-0.19081740545434528
0.9862438006826463,1.674586716713521,-0.8114896777335243,-0.03687956134379011
1.0281539436986284,1.8527189182729555,0.3887201230511087,-0.23623613149791714
0.923373632904134,1.9013675818929205,0.7273198470207146,-0.5280338385633047
1.0415771378854641,2.1751584459526887,-0.6742204063118639,0.23958888072416873
1.0103806344114032,2.2864474575879186,-0.207631052982379,0.48415911893295277
0.9925405420120641,2.3840158551162896,-1.7499778742187968,-0.7705679143861808
0.9670293294274499,2.4355166790611604,0.906857695125735,-0.40073556918739084
0.9761811149515316,2.4757305980538717,-0.2154982023198693,-0.20462175126486848
1.0298653020732653,2.5114803975202205,0.8065641766809994,0.004813307376784878
0.9935894236952445,2.4100326405156376,0.20604951787951314,-0.12818546958576715
0.9749430016360715,2.285368999057714,-0.1851652289748735,0.6597211996563939
1.023428174668576,2.1973899310157297,-1.5928027993524858,-1.6523670157038093
0.9993171113090056,1.9993171113090056,-1.41495261071644,-1.475037198340117
0.8416160714256355,1.8416160714256355,-2.5931461843417423,0.19356939925357777
1.0378949868777367,2.0378949868777365,-0.5626134828286562,-0.6026858478277888
1.2412517679550636,2.2412517679550636,2.278248703181248,0.8842423057738108
1.0444598755320498,2.0444598755320498,-1.2879473895179996,1.1698009525885504
0.8300683753833801,1.8300683753833802,-2.631431883419906,0.23374717642291024
1.0162236110544773,2.0162236110544773,0.9626689195855317,-1.0719749162741792
0.8099730517210001,1.8099730517210002,2.363717869296701,1.0545935162270592
1.3004332933860268,2.3004332933860265,0.2979210652598027,0.1989026621503274
1.194015159218246,2.194015159218246,0.2887323947199601,-1.4869359725271176
0.8867678240978905,1.8867678240978905,-0.3098820736437513,-1.3985196480651843
0.7079389175803259,1.707938917580326,-1.79425723051006,1.5169467897086448
0.8201249411702713,1.8201249411702713,-1.4507119177434764,1.3511359132612295
0.8617289219224592,1.861728921922459,-0.3167533293985182,-2.517143142096245
0.6720283257088324,1.6720283257088324,-0.5084553400297436,-1.3577908952578768
0.8063449337241123,1.8063449337241124,-0.11517292776994209,1.1408554956216552
0.7563058624525806,1.7563058624525807,0.8293248239281591,-0.01849258839304812
0.7463307949830181,1.746330794983018,-0.5818378319170209,0.7018492854920929
0.7126296066720639,1.7126296066720639,0.8497167564046113,-0.06195274609809678
0.5462258496988306,1.5462258496988306,-0.57528970990277,0.6544924900712037
0.5080268578626586,1.5080268578626586,1.0382395928657568,0.005833546665433634
0.5461616879952013,1.5461616879952014,0.08636756707342344,-0.4376082567569663
0.42459573082624275,1.4245957308262427,-0.4358303409215121,1.0587438299148093
0.5226083298550287,1.5226083298550286,0.06929406054888966,0.20205461602564603
0.37790445490079755,1.3779044549007975,-0.29353884215756676,0.6523887162435664
0.5017912619752549,1.501791261975255,0.11313423767997162,0.15744792496076662
0.33706832022744104,1.337068320227441,0.7581061985174717,-0.48635689354981293
0.3041121381759616,1.3041121381759617,-0.08721559841564996,1.6083893113571923
0.14495189563210936,1.1449518956321094,-0.3695688528537811,0.3549682547576656
0.08486519472381733,1.0848651947238173,-1.1235162049108292,-0.35504864437215156
0.17942149130699164,1.1794214913069916,0.5791780192917145,1.278329470318716
-0.09440433753748612,0.9055956624625139,0.3482722264027249,-1.3208237738789572
-0.06453787331964433,0.9354621266803557,-1.181942850927521,2.2362836507959862
-0.2080088890887889,0.7919911109112111,0.835494277920761,-0.1791497576634285
-0.26970079121731355,0.7302992087826865,-1.1981840326023356,-1.2680142073833764
-0.42021857504879195,0.5797814249512081,1.0292217912338935,1.905941348457565
-0.43687264886735827,0.5631273511326418,0.6878633271870178,-0.46316761307279136
-0.513306458410854,0.486693541589146,0.4196655225980695,0.24324456985562717
-0.41723816855410256,0.5827618314458974,-0.3769951591670362,0.7176907414394635
-0.4269650073069499,0.57303499269305,0.5757797826664528,1.1841725276601456
-0.5926717345641072,0.40732826543589284,1.0763719952411803,0.2997745637215646
-0.6101381829104531,0.3898618170895469,0.5923519211081734,-0.6473154083300372
-0.695749126865757,0.30425087313424304,-0.6702500217262376,0.21899252333399247
-0.806289590749694,0.19371040925030603,0.26740698235546406,-0.4193155453317213
-0.6808278923759071,0.31917210762409287,1.132034986295036,0.2490116763645237
-0.740609647581716,0.259390352418284,2.199098180556703,1.6281495457568582
-1.0307398958304441,-0.03073989583044412,-0.20521297449919623,0.7559251916437938
-0.90209077003625,0.09790922996374996,0.8578831061314305,0.20664643809833885
-0.9908218617897753,0.009178138210224729,1.1344805200843187,0.7384908326063404
-0.9669828842630294,0.03301711573697064,-0.8124049989897638,0.8100806519091857
-1.0165327970594362,-0.01653279705943622,1.7820783180614812,-1.0778741029687253
-0.9719775854714288,0.028022414528571238,-1.0651846840834458,0.04172271121569786
-1.0143476542669052,-0.014347654266905208,0.8089855150329761,2.562527659332516
-1.0266101629794682,-0.026610162979468166,0.305319779547066,1.2128209850318663
-0.8869763463623896,0.11302365363761036,0.055575559998159926,-0.5034355591611999
-0.9442710084087892,0.05572899159121081,2.546833281448644,-0.6032078961176216
